Make,Model,Year,Price,Mileage,Satisfaction Score,,,,,Make,,, ,,,,Year,ASVG SAT score by year
Chevrolet,Express,2011,"$21,557.29",672744,7.6,,,,,Chevrolet,,,,,,,1958,5.6
MINI,Cooper,2010,"$23,504.94",579699,1.2,,,,Total revenue,MINI,Make,Avg. Satisfasction Score,# of + 7 Sat. Scores,# of -3 Sat Scores,# Of Enteries per Make,,1959,6.8
Chevrolet,S10,2003,"$29,382.88",345485,7.3,,,Honda,"$1,429,728.39",Mercury,Chevrolet,5.089285714,27,22,84,,1961,8.2
Mercury,Villager,2002,"$62,492.36",507867,3.8,,,Ford,"$3,445,152.37",Subaru,MINI,5.08,2,1,5,,1963,3.6
Subaru,Loyale,1991,"$89,705.23",999024,1.9,,,Nissan,"$1,824,844.72",Toyota,Mercury,5.675,7,3,20,,1965,10
Chevrolet,Blazer,1993,"$81,428.24",855460,3.6,,,,,Kia,Subaru,4.880952381,4,4,21,,1968,5.1
Toyota,Echo,2000,"$61,500.38",641118,5.5,,,,,Mazda,Toyota,5.328571429,14,10,49,,1969,6.5
Kia,Optima,2003,"$46,027.04",401195,1.4,,,,,Volkswagen,Kia,4.726666667,3,5,15,,1970,4.65
Mazda,Millenia,2000,"$61,075.10",241317,8.9,,,,Average Price,Dodge,Mazda,6,14,5,39,,1971,1.2
Volkswagen,New Beetle,2003,"$62,011.14",957898,3.4,,,Cadillac,"$54,938.08",Infiniti,Volkswagen,5.807894737,11,5,38,,1972,6.5
Dodge,Ram Wagon B250,1994,"$68,560.01",555980,6.6,,,Suzuki,"$48,032.42",Volvo,Dodge,5.22972973,10,7,37,,1973,3
Infiniti,G,2001,"$30,232.29",310708,3.6,,,Pontiac,"$52,334.36",Chrysler,Infiniti,5.282352941,5,4,17,,1974,8.4
Volvo,XC70,2006,"$82,613.30",844836,6.2,,,,,Hyundai,Volvo,5.304761905,5,4,21,,1975,2
Chevrolet,Tahoe,2004,"$78,117.09",518212,8.6,,,,,Bentley,Chrysler,4.9,3,3,18,,1976,5
Volvo,V50,2010,"$27,690.63",942824,3.9,,,,,Oldsmobile,Hyundai,4.317857143,4,9,28,,1977,4.2
Chrysler,Town & Country,2000,"$81,097.60",390715,4.8,,,,,GMC,Bentley,6.9,3,0,5,,1978,4.8
Hyundai,Santa Fe,2003,"$82,044.56",691815,2.4,,,,,Cadillac,Oldsmobile,4.581818182,3,4,11,,1979,2.5
Bentley,Continental Flying Spur,2007,"$14,691.34",165421,6.6,,,,,Pontiac,GMC,5.391489362,14,8,47,,1980,5
Toyota,Camry,2005,"$88,355.58",652369,4.4,,,,,Honda,Cadillac,5.39,4,4,10,,1981,1.8
Oldsmobile,Aurora,1999,"$30,759.27",27965,3,,,,,Suzuki,Pontiac,5.137837838,13,11,37,,1982,3.15
GMC,Jimmy,1993,"$29,085.75",423804,4.2,,,,,Buick,Honda,5.9,12,6,29,,1984,5.109090909
Cadillac,CTS,2011,"$43,517.97",998127,2.8,,,,,Nissan,Suzuki,5.531034483,10,5,29,,1985,5.1875
Pontiac,Grand Prix,1980,"$10,825.08",361091,5,,,,,Ford,Buick,5.445454545,6,5,22,,1986,6.022222222
Honda,Element,2005,"$55,925.56",515629,9.9,,,,,Mercedes-Benz,Nissan,5.73030303,14,7,33,,1987,4.972727273
Kia,Sportage,1997,"$57,965.33",448591,7.4,,,,,Jaguar,Ford,5.542028986,24,17,69,,1988,6.142857143
Chevrolet,Aveo,2005,"$19,292.20",715210,2.9,,,,,Jeep,Mercedes-Benz,5.439473684,12,8,38,,1989,6.088235294
Suzuki,Esteem,1997,"$48,204.43",51711,9.9,,,,,Acura,Jaguar,6.69,4,1,10,,1990,5.533333333
Suzuki,XL-7,2007,"$38,554.18",564606,6.3,,,,,Lotus,Jeep,6.669230769,8,1,13,,1991,6.030769231
Volkswagen,Golf,1990,"$68,474.14",695605,5.5,,,,,Audi,Acura,5.192857143,3,5,14,,1992,6.661290323
Toyota,Camry Solara,2007,"$38,095.88",158230,6.6,,,,,Holden,Lotus,7.642857143,5,0,7,,1993,5.197435897
Buick,LeSabre,2005,"$19,017.11",823239,5.4,,,,,Lexus,Audi,5.634782609,10,5,23,,1994,5.88974359
Chevrolet,2500,2000,"$44,327.21",620097,2.2,,,,,BMW,Holden,8.7,2,0,2,,1995,5.388571429
Nissan,Sentra,1995,"$80,117.91",467101,2.2,,,,,Daewoo,Lexus,5.421052632,7,6,19,,1996,5.414705882
Ford,Mustang,1979,"$19,422.74",838261,2.5,,,,,Mitsubishi,BMW,4.75862069,7,8,29,,1997,5.435
Honda,CR-V,2012,"$64,006.91",383125,1.6,,,,,Porsche,Daewoo,6.433333333,2,1,3,,1998,5.004
Toyota,4Runner,1994,"$50,147.53",710210,4,,,,,Isuzu,Mitsubishi,5.876744186,15,6,43,,1999,5.691891892
Pontiac,G5,2009,"$58,137.86",208650,3.9,,,,,Plymouth,Porsche,6.141666667,4,0,12,,2000,5.054347826
Mazda,MPV,2001,"$21,588.97",821358,8,,,,,Aptera,Isuzu,4.48,0,1,5,,2001,4.665384615
Chevrolet,Express 1500,2003,"$82,011.46",771996,8.9,,,,,Peugeot,Plymouth,3.92,1,2,5,,2002,5.014285714
Mercedes-Benz,300CE,1992,"$40,544.87",562148,3.4,,,,,Lincoln,Aptera,8.7,1,0,1,,2003,4.888888889
Pontiac,Tempest,1961,"$87,778.17",152620,8.2,,,,,Maserati,Peugeot,5.5,1,1,2,,2004,5.478723404
Mercedes-Benz,CLK-Class,2005,"$70,378.13",853598,8.9,,,,,Shelby,Lincoln,5.313333333,3,2,15,,2005,5.982608696
Jaguar,XJ Series,2000,"$10,352.36",658838,3.9,,,,,Land Rover,Maserati,6.545454545,6,1,11,,2006,5.54
Buick,LaCrosse,2009,"$66,399.30",886377,1.8,,,,,Maybach,Shelby,5.1,0,0,1,,2007,5.693023256
Jeep,Liberty,2005,"$37,578.27",882950,7.5,,,,,Rolls-Royce,Land Rover,4.563636364,2,3,11,,2008,5.286046512
Buick,Park Avenue,1994,"$60,626.70",887972,6.3,,,,,Lamborghini,Maybach,3.8,1,2,4,,2009,4.511904762
Mazda,RX-8,2008,"$43,623.46",611596,4.9,,,,,Saturn,Rolls-Royce,4.6,0,0,3,,2010,4.994
Mercedes-Benz,SL-Class,1997,"$50,524.64",26691,3.3,,,,,Spyker,Lamborghini,4.4625,1,2,8,,2011,5.833333333
Acura,CL,2001,"$70,849.18",306896,6.4,,,,,Alfa Romeo,Saturn,4.675,1,3,8,,2012,5.437931034
Pontiac,Grand Prix,1985,"$88,935.86",692052,2.4,,,,,Aston Martin,Spyker,7.2,1,0,1,,2013,7.0875
Chevrolet,Blazer,1993,"$37,128.11",228594,6.4,,,,,Corbin,Alfa Romeo,4.6,0,0,1,,,
Suzuki,Grand Vitara,2010,"$63,186.23",484367,5.5,,,,,Hummer,Aston Martin,7.975,3,0,4,,,
Toyota,Supra,1994,"$58,111.75",640106,9.7,,,,,Geo,Corbin,6.4,0,0,1,,,
Lotus,Evora,2011,"$11,703.21",79782,8.1,,,,,Eagle,Hummer,4.883333333,1,1,6,,,
Lotus,Elan,1994,"$17,655.60",320764,6.8,,,,,Scion,Geo,4.7,0,0,2,,,
Audi,90,1993,"$86,487.50",872264,8.1,,,,,Ram,Eagle,3.066666667,0,1,3,,,
Volkswagen,Tiguan,2009,"$58,923.70",931327,6.9,,,,,Saab,Scion,4.5,0,0,1,,,
Holden,VS Commodore,1997,"$31,976.75",479122,9.7,,,,,MG,Ram,2.8,0,1,1,,,
Buick,Lucerne,2007,"$80,942.30",956390,4.3,,,,,Tesla,Saab,6.86,3,1,5,,,
Holden,VS Commodore,1995,"$82,043.02",101885,7.7,,,,,Smart,MG,4.2,0,0,1,,,
Mazda,626,1989,"$53,160.96",185548,5.3,,,,,,Tesla,7.8,1,0,2,,,
GMC,Yukon,2000,"$49,914.49",126964,5.2,,,,,,Smart,5.4,0,0,1,,,
Lexus,ES,1989,"$38,961.31",674646,1.4,,,,,,,,,,,,,
Nissan,Frontier,2012,"$88,960.55",399137,7.2,,,,,,,,,,1000,,,
BMW,M5,2008,"$61,662.19",600615,2.5,,,,,,,,,,,,,
Chevrolet,Silverado 3500,2002,"$54,278.51",377390,3.4,,,,,,,,,,,,,
Daewoo,Lanos,2002,"$51,601.02",993039,2.3,,,,,,,,,,,,,
Audi,Cabriolet,1997,"$67,484.99",176850,7.1,,,,,,,,,,,,,
Mitsubishi,Outlander,2010,"$77,376.63",95604,7.3,,,,,,,,,,,,,
Porsche,Panamera,2011,"$45,804.26",990350,4,,,,,,,,,,,,,
GMC,Sierra 2500,2006,"$87,310.89",486134,3.1,,,,,,,,,,,,,
Ford,F150,1993,"$48,127.65",925552,8.4,,,,,,,,,,,,,
Oldsmobile,88,1997,"$88,471.24",654546,7.1,,,,,,,,,,,,,
Hyundai,Tucson,2006,"$17,247.47",131451,7.5,,,,,,,,,,,,,
Chrysler,Sebring,2006,"$51,739.15",830733,6.1,,,,,,,,,,,,,
Mitsubishi,Montero Sport,2003,"$82,401.28",516323,4.9,,,,,,,,,,,,,
GMC,Sierra 1500,2013,"$77,062.71",313615,8.9,,,,,,,,,,,,,
BMW,600,1959,"$74,861.42",5230,6.8,,,,,,,,,,,,,
Mercury,Sable,1986,"$51,540.30",490052,4.5,,,,,,,,,,,,,
Hyundai,Scoupe,1992,"$73,133.23",691438,5.7,,,,,,,,,,,,,
Cadillac,Eldorado,1993,"$56,020.24",396752,8.5,,,,,,,,,,,,,
Chevrolet,Suburban 2500,2012,"$41,444.13",751597,4.3,,,,,,,,,,,,,
Chevrolet,Silverado Hybrid,2006,"$19,438.99",904538,2.2,,,,,,,,,,,,,
Mercury,Grand Marquis,1995,"$36,597.09",359991,3.3,,,,,,,,,,,,,
Acura,MDX,2007,"$39,432.05",361582,9.6,,,,,,,,,,,,,
Dodge,Viper,2004,"$10,408.69",141896,6.8,,,,,,,,,,,,,
Honda,Accord,1984,"$75,096.80",270394,2.8,,,,,,,,,,,,,
Bentley,Continental GTC,2007,"$24,833.69",213822,7.2,,,,,,,,,,,,,
Ford,Taurus,1987,"$88,993.37",50964,2,,,,,,,,,,,,,
Pontiac,Grand Prix,2007,"$89,871.08",458580,7.3,,,,,,,,,,,,,
Isuzu,Trooper,1998,"$15,018.54",598354,1.1,,,,,,,,,,,,,
Nissan,Maxima,2008,"$78,619.23",851895,8.6,,,,,,,,,,,,,
Volkswagen,Type 2,1989,"$16,569.48",956935,1.2,,,,,,,,,,,,,
Chevrolet,Corvette,1987,"$13,090.33",525625,7.6,,,,,,,,,,,,,
Toyota,Tacoma Xtra,1998,"$66,060.20",340670,3.2,,,,,,,,,,,,,
Ford,F250,1999,"$16,439.42",53986,5.5,,,,,,,,,,,,,
Pontiac,Firefly,1994,"$66,280.78",918962,4.4,,,,,,,,,,,,,
Nissan,Altima,2009,"$87,453.06",836784,2.6,,,,,,,,,,,,,
GMC,Safari,2005,"$42,669.14",517042,3.1,,,,,,,,,,,,,
Volkswagen,Routan,2012,"$89,123.98",215514,2.4,,,,,,,,,,,,,
Ford,F-250 Super Duty,2006,"$24,100.35",799755,8.8,,,,,,,,,,,,,
Volvo,S60,2008,"$38,023.07",843641,4.5,,,,,,,,,,,,,
Ford,Ranger,1995,"$22,831.60",649427,9,,,,,,,,,,,,,
Mitsubishi,Space,1984,"$50,340.28",416681,10,,,,,,,,,,,,,
Kia,Optima,2009,"$50,740.66",520393,2.1,,,,,,,,,,,,,
Mitsubishi,Montero,2003,"$71,820.05",309716,4,,,,,,,,,,,,,
Ford,E-Series,2009,"$49,819.61",241848,9.5,,,,,,,,,,,,,
Volkswagen,Eos,2012,"$25,258.39",1852,4.9,,,,,,,,,,,,,
Pontiac,Montana,2005,"$34,462.31",765965,3.5,,,,,,,,,,,,,
Chevrolet,Vega,1971,"$43,452.59",699792,1.2,,,,,,,,,,,,,
Chevrolet,Express 1500,1999,"$24,683.43",523372,7.3,,,,,,,,,,,,,
Mazda,MPV,2001,"$69,571.19",66909,3.2,,,,,,,,,,,,,
Cadillac,STS,2008,"$78,735.64",253882,7.9,,,,,,,,,,,,,
Acura,TSX,2009,"$61,921.06",424945,1.9,,,,,,,,,,,,,
Volkswagen,Passat,1995,"$12,979.45",811376,5.8,,,,,,,,,,,,,
Plymouth,Voyager,1993,"$78,130.46",576457,5,,,,,,,,,,,,,
Jeep,Wrangler,2004,"$82,125.14",105810,3.5,,,,,,,,,,,,,
GMC,Yukon XL 1500,2004,"$57,483.36",664559,8.7,,,,,,,,,,,,,
Ford,Escort,1999,"$40,852.22",270695,2.5,,,,,,,,,,,,,
Chrysler,300C,2005,"$80,251.33",244046,5.1,,,,,,,,,,,,,
Plymouth,Colt Vista,1993,"$41,977.33",331926,3.4,,,,,,,,,,,,,
Chevrolet,Suburban 2500,1998,"$66,249.37",183067,1.4,,,,,,,,,,,,,
Aptera,2e,2009,"$17,479.24",509276,8.7,,,,,,,,,,,,,
BMW,600,1958,"$45,356.11",140286,5.6,,,,,,,,,,,,,
Hyundai,Entourage,2008,"$18,797.21",83308,5,,,,,,,,,,,,,
Mitsubishi,Diamante,2000,"$72,725.20",957871,5.5,,,,,,,,,,,,,
Suzuki,Sidekick,1997,"$33,195.07",984831,5.7,,,,,,,,,,,,,
Oldsmobile,Regency,1998,"$82,943.30",76325,1.9,,,,,,,,,,,,,
Nissan,GT-R,2013,"$53,364.10",27890,8,,,,,,,,,,,,,
Peugeot,207,2006,"$80,671.16",461161,2.2,,,,,,,,,,,,,
Lincoln,Continental,1985,"$35,171.21",812540,2.7,,,,,,,,,,,,,
Kia,Sportage,1996,"$87,475.84",775552,6.6,,,,,,,,,,,,,
Lincoln,Navigator L,2012,"$55,921.49",411927,3.1,,,,,,,,,,,,,
Buick,LeSabre,2003,"$84,448.36",324050,1.5,,,,,,,,,,,,,
Volvo,XC90,2005,"$73,898.11",457086,9.5,,,,,,,,,,,,,
Volkswagen,Rabbit,2008,"$43,151.12",637442,6.9,,,,,,,,,,,,,
Chevrolet,Silverado,2001,"$89,216.05",699750,3.7,,,,,,,,,,,,,
Mercedes-Benz,M-Class,2007,"$44,004.14",503928,4.3,,,,,,,,,,,,,
Dodge,Neon,2003,"$10,647.22",324350,3.2,,,,,,,,,,,,,
Mercedes-Benz,SL-Class,2003,"$45,109.56",941453,8.7,,,,,,,,,,,,,
Plymouth,Breeze,1996,"$18,524.23",740862,2.2,,,,,,,,,,,,,
Volvo,S70,1999,"$79,539.59",504410,6.3,,,,,,,,,,,,,
Ford,Mustang,1969,"$82,457.66",726305,7.2,,,,,,,,,,,,,
Maserati,430,1989,"$18,771.60",481217,9.8,,,,,,,,,,,,,
Toyota,Tundra,2002,"$47,780.52",870573,3.3,,,,,,,,,,,,,
Nissan,240SX,1996,"$25,538.98",178189,2.6,,,,,,,,,,,,,
Chevrolet,Corvette,2003,"$74,398.05",234768,1.4,,,,,,,,,,,,,
BMW,525,2004,"$36,744.24",789886,9.3,,,,,,,,,,,,,
Lincoln,Navigator L,2010,"$79,388.65",565278,3.1,,,,,,,,,,,,,
Volkswagen,Golf III,1993,"$77,401.42",326205,2.5,,,,,,,,,,,,,
Chrysler,PT Cruiser,2002,"$74,411.55",500192,9.6,,,,,,,,,,,,,
Nissan,NV1500,2012,"$10,679.99",832402,3.8,,,,,,,,,,,,,
Suzuki,Swift,1995,"$42,328.02",682006,9.7,,,,,,,,,,,,,
Lexus,GS,2003,"$64,717.79",56850,10,,,,,,,,,,,,,
Dodge,D250,1993,"$59,033.77",137182,5.6,,,,,,,,,,,,,
Lexus,LS,2005,"$87,989.10",555810,1.7,,,,,,,,,,,,,
Nissan,Versa,2010,"$89,282.85",312239,1.6,,,,,,,,,,,,,
Infiniti,G,1994,"$74,911.12",366321,8.8,,,,,,,,,,,,,
Volkswagen,Cabriolet,2000,"$78,841.85",58934,7.3,,,,,,,,,,,,,
Shelby,GT500,1968,"$52,876.09",739627,5.1,,,,,,,,,,,,,
Suzuki,SJ,1995,"$86,363.29",549882,4.4,,,,,,,,,,,,,
Lexus,LS,1997,"$82,889.91",847610,8.4,,,,,,,,,,,,,
Acura,Vigor,1994,"$86,519.03",906283,2.7,,,,,,,,,,,,,
Honda,CR-V,2012,"$53,459.19",356765,5.5,,,,,,,,,,,,,
BMW,M3,1999,"$52,158.71",799691,4,,,,,,,,,,,,,
Chevrolet,SSR,2006,"$53,404.16",143672,2.5,,,,,,,,,,,,,
Mazda,MX-5,1990,"$65,756.95",207904,5.2,,,,,,,,,,,,,
Dodge,Charger,2007,"$10,373.01",972522,9.2,,,,,,,,,,,,,
Ford,Thunderbird,1989,"$32,188.13",978279,3.9,,,,,,,,,,,,,
Dodge,Challenger,2009,"$12,339.30",681984,3.3,,,,,,,,,,,,,
Mazda,Familia,1992,"$87,728.28",193684,5.1,,,,,,,,,,,,,
Mitsubishi,Precis,1986,"$22,631.78",897534,4.4,,,,,,,,,,,,,
Chevrolet,Suburban 1500,2001,"$23,705.82",622339,1.3,,,,,,,,,,,,,
Mercedes-Benz,M-Class,2006,"$11,537.10",532053,10,,,,,,,,,,,,,
Chevrolet,Avalanche 1500,2004,"$20,020.71",944549,7.2,,,,,,,,,,,,,
Volvo,S60,2001,"$78,700.38",854634,3.8,,,,,,,,,,,,,
Chevrolet,Traverse,2011,"$65,886.39",778606,4.2,,,,,,,,,,,,,
Land Rover,Range Rover,1990,"$14,544.00",54508,3.9,,,,,,,,,,,,,
Mercedes-Benz,Sprinter 2500,2012,"$50,242.64",952555,2,,,,,,,,,,,,,
Hyundai,Azera,2011,"$87,167.03",33369,3.6,,,,,,,,,,,,,
Porsche,911,2013,"$25,024.25",960017,7.3,,,,,,,,,,,,,
Ford,Freestar,2004,"$28,984.53",480953,3.7,,,,,,,,,,,,,
Toyota,Paseo,1994,"$82,139.20",256338,8.8,,,,,,,,,,,,,
Mazda,MX-6,1995,"$44,801.92",828838,9.5,,,,,,,,,,,,,
Lincoln,Aviator,2003,"$80,094.48",767481,9.3,,,,,,,,,,,,,
Chrysler,Town & Country,2012,"$86,656.06",24383,8.7,,,,,,,,,,,,,
Pontiac,Vibe,2004,"$87,564.58",543545,8.3,,,,,,,,,,,,,
Volvo,XC70,2006,"$74,537.78",216359,5.1,,,,,,,,,,,,,
Cadillac,Escalade,2012,"$55,301.93",192716,8.6,,,,,,,,,,,,,
Volkswagen,Cabriolet,1999,"$89,596.73",191137,8.1,,,,,,,,,,,,,
Infiniti,G,1993,"$32,615.35",329952,4.5,,,,,,,,,,,,,
GMC,Canyon,2012,"$47,480.59",594151,9.9,,,,,,,,,,,,,
Mitsubishi,Outlander,2008,"$19,474.28",215011,5.1,,,,,,,,,,,,,
Toyota,Land Cruiser,2013,"$61,028.64",698655,8.3,,,,,,,,,,,,,
Pontiac,Grand Prix,1963,"$12,767.61",962944,3.6,,,,,,,,,,,,,
Mazda,RX-7,1991,"$14,357.76",960559,5.1,,,,,,,,,,,,,
Nissan,Sentra,1997,"$13,691.83",373485,7.1,,,,,,,,,,,,,
GMC,Vandura 1500,1992,"$45,318.35",465860,7.4,,,,,,,,,,,,,
Chrysler,New Yorker,1992,"$16,699.25",177770,3.3,,,,,,,,,,,,,
Honda,CR-X,1984,"$42,484.27",739960,5.5,,,,,,,,,,,,,
Hyundai,Accent,2012,"$45,002.83",28923,3.6,,,,,,,,,,,,,
Dodge,Viper,2003,"$10,025.57",966848,1.4,,,,,,,,,,,,,
Honda,Civic,1994,"$35,984.96",629039,4.3,,,,,,,,,,,,,
Isuzu,i-Series,2007,"$35,471.88",498708,6.1,,,,,,,,,,,,,
Maybach,Landaulet,2009,"$58,196.75",99190,1.1,,,,,,,,,,,,,
Acura,RSX,2006,"$46,406.63",73719,3.1,,,,,,,,,,,,,
Mitsubishi,Montero,1999,"$31,180.20",316802,5.9,,,,,,,,,,,,,
Subaru,Forester,1999,"$57,147.16",131403,5.9,,,,,,,,,,,,,
Toyota,Highlander,2004,"$34,482.99",986098,1.8,,,,,,,,,,,,,
Toyota,Tacoma,2011,"$21,024.16",374693,6.2,,,,,,,,,,,,,
Kia,Sorento,2012,"$24,312.23",997515,7,,,,,,,,,,,,,
Mazda,Millenia,1997,"$43,250.49",98024,9.6,,,,,,,,,,,,,
Dodge,Viper,2000,"$66,954.73",374591,4.6,,,,,,,,,,,,,
Mitsubishi,Precis,1986,"$37,664.63",436739,9.2,,,,,,,,,,,,,
Nissan,JUKE,2012,"$32,335.68",743668,4.2,,,,,,,,,,,,,
GMC,Suburban 1500,1994,"$26,672.76",833390,6.9,,,,,,,,,,,,,
Dodge,Ram 3500,2009,"$18,707.92",907864,1.3,,,,,,,,,,,,,
Volkswagen,Touareg 2,2008,"$33,124.62",392934,1.6,,,,,,,,,,,,,
Ford,Crown Victoria,1998,"$25,034.66",788904,9.8,,,,,,,,,,,,,
Chevrolet,Camaro,2002,"$52,509.19",901967,7.4,,,,,,,,,,,,,
Bentley,Continental GT,2006,"$52,481.83",264015,8.5,,,,,,,,,,,,,
Rolls-Royce,Phantom,2010,"$22,737.06",630211,3.9,,,,,,,,,,,,,
BMW,3 Series,2002,"$54,860.52",741817,2.4,,,,,,,,,,,,,
Toyota,4Runner,1998,"$82,817.07",49503,3.9,,,,,,,,,,,,,
Lexus,GX,2007,"$77,399.37",611147,7.4,,,,,,,,,,,,,
Kia,Sportage,2010,"$40,665.52",70425,5.6,,,,,,,,,,,,,
Kia,Sephia,1998,"$11,013.61",789180,1.3,,,,,,,,,,,,,
Ford,F250,1996,"$71,029.63",766125,8.9,,,,,,,,,,,,,
Suzuki,Daewoo Magnus,2004,"$32,528.34",335237,3.8,,,,,,,,,,,,,
Lamborghini,Countach,1989,"$86,816.11",575708,4.6,,,,,,,,,,,,,
Chevrolet,Astro,1997,"$71,985.60",145477,2,,,,,,,,,,,,,
Maserati,Quattroporte,2010,"$18,281.88",185957,5.2,,,,,,,,,,,,,
Mazda,B-Series,1999,"$13,654.54",610105,9,,,,,,,,,,,,,
Mitsubishi,Cordia,1987,"$39,192.51",133603,3.6,,,,,,,,,,,,,
Mitsubishi,Expo,1992,"$65,897.53",405828,6.6,,,,,,,,,,,,,
Dodge,Viper,2008,"$36,316.24",854896,5.5,,,,,,,,,,,,,
Audi,TT,2008,"$77,679.24",121688,2.5,,,,,,,,,,,,,
GMC,Suburban 2500,1997,"$49,979.17",707099,1.8,,,,,,,,,,,,,
Chevrolet,Silverado 1500,2002,"$36,799.11",786069,8.5,,,,,,,,,,,,,
Honda,Accord,2007,"$21,209.65",544621,8.4,,,,,,,,,,,,,
Suzuki,Esteem,1998,"$81,659.10",42332,2,,,,,,,,,,,,,
Isuzu,Rodeo,2001,"$60,079.71",339951,3.2,,,,,,,,,,,,,
Pontiac,Grand Prix,1996,"$62,768.76",942877,1.3,,,,,,,,,,,,,
Acura,MDX,2002,"$70,692.79",458857,10,,,,,,,,,,,,,
Subaru,Outback,2000,"$47,039.32",68987,6.3,,,,,,,,,,,,,
Chevrolet,Corvette,1975,"$55,113.28",785678,2,,,,,,,,,,,,,
Jaguar,S-Type,2000,"$55,279.22",833833,5.1,,,,,,,,,,,,,
Subaru,Impreza WRX,2010,"$56,864.26",964387,3.3,,,,,,,,,,,,,
Saturn,S-Series,1994,"$16,144.23",660498,6.9,,,,,,,,,,,,,
Audi,A6,2010,"$83,577.68",366180,2,,,,,,,,,,,,,
Mazda,Protege,1998,"$58,708.56",482176,2.3,,,,,,,,,,,,,
Infiniti,FX,2010,"$55,507.53",775641,2.1,,,,,,,,,,,,,
Ford,Ranger,2005,"$39,506.64",676252,8.9,,,,,,,,,,,,,
Mercury,Mariner,2005,"$66,569.84",17638,9.6,,,,,,,,,,,,,
Mercedes-Benz,G55 AMG,2006,"$49,007.65",271971,6.8,,,,,,,,,,,,,
Dodge,Caravan,1985,"$18,203.62",178832,4.1,,,,,,,,,,,,,
Porsche,911,1998,"$68,198.38",130186,8.9,,,,,,,,,,,,,
Nissan,Murano,2004,"$76,287.84",742247,2.9,,,,,,,,,,,,,
Subaru,Justy,1994,"$21,200.54",259895,8.1,,,,,,,,,,,,,
Honda,CR-X,1984,"$59,913.15",266815,2.1,,,,,,,,,,,,,
Jaguar,XK,2010,"$21,307.90",568245,5.9,,,,,,,,,,,,,
Spyker,C8 Spyder,2004,"$69,993.51",508451,7.2,,,,,,,,,,,,,
Chevrolet,Corvette,1996,"$22,624.07",592485,8.2,,,,,,,,,,,,,
Volkswagen,Phaeton,2004,"$84,723.99",810974,9.3,,,,,,,,,,,,,
Land Rover,Discovery Series II,2000,"$22,608.91",664034,7.4,,,,,,,,,,,,,
Chevrolet,Prizm,2000,"$11,605.22",682937,3.3,,,,,,,,,,,,,
Ford,Bronco,1987,"$31,262.14",266303,8,,,,,,,,,,,,,
Chrysler,Concorde,2002,"$21,640.47",876521,5.6,,,,,,,,,,,,,
Lincoln,Navigator,2004,"$53,090.24",258520,6,,,,,,,,,,,,,
GMC,1500 Club Coupe,1994,"$49,481.11",290051,6.3,,,,,,,,,,,,,
GMC,Safari,1994,"$63,971.56",237857,2.9,,,,,,,,,,,,,
Mazda,Mazda5,2010,"$31,541.33",336222,7.3,,,,,,,,,,,,,
Chevrolet,Suburban 1500,1998,"$12,011.23",171761,2.9,,,,,,,,,,,,,
Honda,Accord,1999,"$81,977.30",64465,7.1,,,,,,,,,,,,,
Lincoln,Navigator,2008,"$22,998.89",866582,5.3,,,,,,,,,,,,,
Dodge,Ram 1500 Club,1997,"$26,219.39",824780,1,,,,,,,,,,,,,
Mercury,Villager,1997,"$20,293.53",242481,4.4,,,,,,,,,,,,,
Jaguar,XK Series,2002,"$30,405.20",904346,5.5,,,,,,,,,,,,,
BMW,Z4,2012,"$26,592.23",329802,1.9,,,,,,,,,,,,,
Volkswagen,Routan,2009,"$84,658.97",153957,4.5,,,,,,,,,,,,,
Buick,LaCrosse,2008,"$29,264.56",882754,2.3,,,,,,,,,,,,,
Mercury,Villager,1995,"$23,026.72",733067,8.1,,,,,,,,,,,,,
Kia,Optima,2008,"$65,560.24",563806,3.4,,,,,,,,,,,,,
Mercedes-Benz,G-Class,2012,"$78,408.72",289476,8.2,,,,,,,,,,,,,
Nissan,Sentra,1997,"$60,441.48",848309,4.2,,,,,,,,,,,,,
Ford,Crown Victoria,2009,"$63,306.23",892821,4.4,,,,,,,,,,,,,
Suzuki,SJ,1990,"$71,353.57",680577,4.1,,,,,,,,,,,,,
Oldsmobile,Alero,2000,"$53,635.90",257782,2.5,,,,,,,,,,,,,
Honda,Accord,1984,"$48,335.93",453830,7.5,,,,,,,,,,,,,
Suzuki,Grand Vitara,2012,"$54,733.65",416182,3,,,,,,,,,,,,,
Volkswagen,GTI,2005,"$36,671.54",850686,6.3,,,,,,,,,,,,,
Audi,Q5,2012,"$41,184.81",758635,1.9,,,,,,,,,,,,,
Buick,Century,1989,"$38,933.87",478093,8.9,,,,,,,,,,,,,
Suzuki,Aerio,2005,"$10,857.61",658373,8.5,,,,,,,,,,,,,
Saturn,VUE,2002,"$18,430.39",609268,1.8,,,,,,,,,,,,,
Mercedes-Benz,SL-Class,2007,"$76,075.27",287775,1.1,,,,,,,,,,,,,
Lotus,Esprit,1994,"$72,511.85",759511,9.4,,,,,,,,,,,,,
Pontiac,Bonneville,1987,"$87,424.08",302793,2,,,,,,,,,,,,,
Dodge,Ram 2500,2007,"$38,903.46",350249,7.9,,,,,,,,,,,,,
Mazda,Navajo,1992,"$73,289.00",280785,2.8,,,,,,,,,,,,,
Mazda,MX-5,1996,"$76,913.99",985486,6.9,,,,,,,,,,,,,
GMC,Yukon XL 2500,2002,"$54,637.39",718500,1.6,,,,,,,,,,,,,
Volkswagen,Cabriolet,1995,"$76,087.87",868718,7.2,,,,,,,,,,,,,
BMW,545,2005,"$59,448.62",868548,9,,,,,,,,,,,,,
Toyota,Tacoma Xtra,2002,"$77,105.95",289510,9.9,,,,,,,,,,,,,
Toyota,Yaris,2009,"$58,618.30",849544,4.5,,,,,,,,,,,,,
Chevrolet,Silverado 1500,2004,"$35,922.38",908489,5.2,,,,,,,,,,,,,
Nissan,Altima,2006,"$41,323.15",379556,5.9,,,,,,,,,,,,,
Infiniti,QX,2011,"$17,517.09",85896,1,,,,,,,,,,,,,
Chrysler,Concorde,2000,"$45,875.30",789270,3.1,,,,,,,,,,,,,
Jeep,Grand Cherokee,2004,"$75,624.13",729373,8.8,,,,,,,,,,,,,
Nissan,Maxima,2006,"$84,911.49",474923,7.3,,,,,,,,,,,,,
Volkswagen,Cabriolet,1998,"$60,553.13",155293,9.6,,,,,,,,,,,,,
Mitsubishi,Eclipse,1996,"$89,930.16",520009,7.1,,,,,,,,,,,,,
Mercedes-Benz,E-Class,1995,"$66,158.73",393684,5.1,,,,,,,,,,,,,
Alfa Romeo,164,1992,"$78,254.66",453946,4.6,,,,,,,,,,,,,
Mercedes-Benz,300E,1992,"$16,368.54",191160,8.2,,,,,,,,,,,,,
Lexus,GS,2002,"$85,604.14",728479,2.7,,,,,,,,,,,,,
Audi,TT,2000,"$75,645.83",49865,4.1,,,,,,,,,,,,,
Mazda,Mazda6 Sport,2006,"$33,093.54",83563,5.7,,,,,,,,,,,,,
Toyota,Matrix,2006,"$65,038.48",380689,8.5,,,,,,,,,,,,,
Chevrolet,Equinox,2009,"$78,139.79",751218,4.3,,,,,,,,,,,,,
Chrysler,Aspen,2009,"$42,670.06",711192,1.7,,,,,,,,,,,,,
Pontiac,1000,1985,"$18,746.84",982044,6.4,,,,,,,,,,,,,
Ford,F-250 Super Duty,2006,"$77,759.84",813715,8.6,,,,,,,,,,,,,
Subaru,SVX,1993,"$12,887.77",446170,1.9,,,,,,,,,,,,,
Volvo,XC60,2009,"$87,211.00",516471,8.4,,,,,,,,,,,,,
Hyundai,Tiburon,1999,"$51,391.97",521886,4.9,,,,,,,,,,,,,
Chevrolet,Corvette,1973,"$41,441.42",73935,3,,,,,,,,,,,,,
Jaguar,X-Type,2005,"$59,645.12",287368,2.4,,,,,,,,,,,,,
Chevrolet,Colorado,2011,"$85,850.45",756410,7.9,,,,,,,,,,,,,
Saturn,Relay,2007,"$28,506.02",192908,4.2,,,,,,,,,,,,,
Lincoln,MKS,2011,"$31,460.30",764342,5,,,,,,,,,,,,,
Jeep,Liberty,2007,"$40,314.37",831979,9,,,,,,,,,,,,,
Chrysler,LHS,1996,"$75,461.42",714994,6.4,,,,,,,,,,,,,
GMC,Savana 3500,1997,"$63,904.58",427473,2.3,,,,,,,,,,,,,
Porsche,Boxster,2010,"$29,461.95",406618,5.7,,,,,,,,,,,,,
Dodge,Aspen,1976,"$51,779.94",812170,5,,,,,,,,,,,,,
Chevrolet,Silverado 1500,2004,"$23,336.98",881846,1.9,,,,,,,,,,,,,
GMC,Yukon XL 1500,2004,"$40,239.75",649214,3.3,,,,,,,,,,,,,
Saturn,Outlook,2007,"$24,219.43",437442,2.9,,,,,,,,,,,,,
Suzuki,SX4,2010,"$24,051.81",234586,8.2,,,,,,,,,,,,,
Cadillac,CTS,2012,"$78,678.51",208378,2.6,,,,,,,,,,,,,
Jeep,Compass,2010,"$87,695.48",521449,7.9,,,,,,,,,,,,,
Chevrolet,Monte Carlo,1996,"$30,163.82",920370,9.8,,,,,,,,,,,,,
Dodge,Ram,2008,"$11,197.70",354571,8.5,,,,,,,,,,,,,
Kia,Sportage,1997,"$79,956.40",771865,1.3,,,,,,,,,,,,,
Daewoo,Leganza,1999,"$88,940.16",737655,7.3,,,,,,,,,,,,,
Lincoln,Town Car,2005,"$67,777.23",394702,9.5,,,,,,,,,,,,,
Hyundai,Sonata,1999,"$71,651.14",7402,3.7,,,,,,,,,,,,,
Nissan,Sentra,1993,"$77,947.90",778831,3.8,,,,,,,,,,,,,
Ford,Ranger,2007,"$56,998.52",334119,2.1,,,,,,,,,,,,,
Lexus,LS,2004,"$24,572.98",727779,1.7,,,,,,,,,,,,,
Toyota,RAV4,1999,"$66,467.51",405640,7.9,,,,,,,,,,,,,
BMW,M,2002,"$67,279.88",162625,7.6,,,,,,,,,,,,,
Ford,Ranger,1989,"$14,980.05",322615,6.4,,,,,,,,,,,,,
Dodge,Caliber,2010,"$41,549.02",70843,3.9,,,,,,,,,,,,,
Buick,Riviera,1998,"$58,398.05",582197,3.8,,,,,,,,,,,,,
Mercedes-Benz,Sprinter,2010,"$10,816.12",575443,9.8,,,,,,,,,,,,,
Toyota,Celica,1978,"$55,884.83",253620,4.8,,,,,,,,,,,,,
Mitsubishi,Diamante,1992,"$59,115.36",600997,8.7,,,,,,,,,,,,,
Aston Martin,DB9,2011,"$66,794.30",32711,7.3,,,,,,,,,,,,,
Ford,Taurus,1992,"$28,495.41",221552,9.8,,,,,,,,,,,,,
Corbin,Sparrow,1999,"$68,760.50",393053,6.4,,,,,,,,,,,,,
Lamborghini,Countach,1985,"$60,206.67",870729,8.9,,,,,,,,,,,,,
Mazda,B-Series,2000,"$55,597.43",500345,5.1,,,,,,,,,,,,,
Mercedes-Benz,E-Class,2004,"$33,223.83",730946,3.7,,,,,,,,,,,,,
Lamborghini,Gallardo,2005,"$20,220.75",515812,3.4,,,,,,,,,,,,,
Subaru,Alcyone SVX,1996,"$84,255.08",252376,1.8,,,,,,,,,,,,,
BMW,Z8,2003,"$45,412.61",193417,3.7,,,,,,,,,,,,,
Mercury,Sable,2004,"$76,131.31",735340,1.9,,,,,,,,,,,,,
Chevrolet,Venture,2000,"$38,110.80",10056,4.6,,,,,,,,,,,,,
Audi,S4,2000,"$79,263.73",213668,7.9,,,,,,,,,,,,,
Subaru,Brat,1984,"$14,632.58",901035,4.2,,,,,,,,,,,,,
Mitsubishi,Lancer,2012,"$40,475.80",805047,8.7,,,,,,,,,,,,,
Ford,Mustang,2009,"$58,575.64",422411,3.3,,,,,,,,,,,,,
Nissan,Frontier,1999,"$52,035.01",61890,7.9,,,,,,,,,,,,,
Maserati,Quattroporte,2010,"$76,473.37",349920,8.9,,,,,,,,,,,,,
Toyota,Sequoia,2010,"$16,489.08",25150,8.3,,,,,,,,,,,,,
Mercedes-Benz,E-Class,2012,"$67,212.59",902252,2.7,,,,,,,,,,,,,
Plymouth,Neon,2001,"$16,666.74",504209,1.6,,,,,,,,,,,,,
Infiniti,Q,1993,"$33,722.05",899636,8.5,,,,,,,,,,,,,
Lamborghini,Countach,1986,"$70,251.08",878547,5.5,,,,,,,,,,,,,
Lexus,GS,1994,"$54,330.45",773271,7.8,,,,,,,,,,,,,
Hummer,H3,2006,"$23,902.75",431265,8.7,,,,,,,,,,,,,
Ford,Mustang,1970,"$70,109.35",128032,7.2,,,,,,,,,,,,,
Nissan,Quest,2012,"$65,580.23",971025,5.3,,,,,,,,,,,,,
Volkswagen,Fox,1987,"$74,998.21",325514,6.1,,,,,,,,,,,,,
Hyundai,Santa Fe,2010,"$35,702.83",211597,8.5,,,,,,,,,,,,,
Peugeot,207,2007,"$57,958.46",136372,8.8,,,,,,,,,,,,,
Suzuki,Aerio,2002,"$75,047.95",363539,3.8,,,,,,,,,,,,,
Ford,Fiesta,2012,"$65,903.06",444588,5.3,,,,,,,,,,,,,
Kia,Rio,2002,"$62,327.47",702163,1.7,,,,,,,,,,,,,
Mercedes-Benz,G-Class,2005,"$20,542.73",751970,4.4,,,,,,,,,,,,,
Ford,Fusion,2007,"$88,178.88",518084,9,,,,,,,,,,,,,
Pontiac,Vibe,2004,"$21,691.11",199930,9,,,,,,,,,,,,,
Chevrolet,Suburban 1500,1999,"$80,786.66",669141,5.7,,,,,,,,,,,,,
Geo,Tracker,1994,"$17,245.70",389787,6.3,,,,,,,,,,,,,
Ford,Aerostar,1991,"$49,157.11",878808,6.8,,,,,,,,,,,,,
Toyota,Corolla,2005,"$28,321.61",828573,9.2,,,,,,,,,,,,,
Acura,TL,2000,"$24,418.39",603025,5.6,,,,,,,,,,,,,
Mercedes-Benz,W201,1987,"$86,008.81",113319,4.8,,,,,,,,,,,,,
Mazda,Mazda2,2011,"$79,258.76",325016,7.3,,,,,,,,,,,,,
Mercedes-Benz,SLK-Class,2009,"$54,207.30",812802,5.5,,,,,,,,,,,,,
Buick,Coachbuilder,1994,"$17,392.47",507758,5.7,,,,,,,,,,,,,
Suzuki,SX4,2011,"$31,247.56",131009,4.4,,,,,,,,,,,,,
Pontiac,Grand Am,1996,"$83,269.72",113480,1.2,,,,,,,,,,,,,
Ford,Explorer Sport,2003,"$19,159.60",310267,4.8,,,,,,,,,,,,,
Suzuki,Vitara,2000,"$44,722.71",884815,2.4,,,,,,,,,,,,,
Nissan,Titan,2005,"$39,936.52",557841,9.6,,,,,,,,,,,,,
BMW,6 Series,2005,"$67,493.89",233760,7.9,,,,,,,,,,,,,
Kia,Sorento,2006,"$40,793.44",638641,9.2,,,,,,,,,,,,,
Ford,Expedition,2008,"$81,378.97",339543,6.3,,,,,,,,,,,,,
Lincoln,Navigator L,2007,"$46,892.06",990878,1,,,,,,,,,,,,,
Toyota,Supra,1993,"$53,769.73",217867,7.2,,,,,,,,,,,,,
Ford,F250,1993,"$49,052.28",139025,2.3,,,,,,,,,,,,,
Mitsubishi,Eclipse,1991,"$23,654.83",6059,8.6,,,,,,,,,,,,,
Volkswagen,Eurovan,1993,"$75,141.81",498122,2.2,,,,,,,,,,,,,
Hyundai,Sonata,1992,"$26,686.28",349583,8.2,,,,,,,,,,,,,
Mercedes-Benz,300D,1992,"$36,874.04",286136,9.1,,,,,,,,,,,,,
Lincoln,Continental,1993,"$66,338.43",646306,4.5,,,,,,,,,,,,,
Aston Martin,DB9 Volante,2006,"$12,324.92",726112,9.4,,,,,,,,,,,,,
Jaguar,XK Series,2002,"$34,596.11",465615,9.9,,,,,,,,,,,,,
Ford,Escort,1991,"$11,077.53",460419,6.1,,,,,,,,,,,,,
Lexus,LS,2004,"$11,629.64",533362,6.8,,,,,,,,,,,,,
Land Rover,Range Rover Sport,2012,"$14,376.28",213662,2.5,,,,,,,,,,,,,
Dodge,Dakota,1992,"$37,119.18",100371,9.6,,,,,,,,,,,,,
Subaru,Legacy,2012,"$37,004.97",975029,4.2,,,,,,,,,,,,,
Ford,Bronco II,1986,"$66,792.44",420934,9.2,,,,,,,,,,,,,
Toyota,Sienna,1999,"$65,517.84",206397,4.1,,,,,,,,,,,,,
Ford,F-Series,2009,"$35,850.95",262629,1.4,,,,,,,,,,,,,
Maserati,Spyder,1989,"$25,216.66",407360,3.4,,,,,,,,,,,,,
Mitsubishi,Challenger,1998,"$62,950.66",226539,7.6,,,,,,,,,,,,,
Mazda,RX-7,1986,"$24,139.71",95921,8.5,,,,,,,,,,,,,
Ford,Bronco II,1984,"$84,645.99",428340,8.8,,,,,,,,,,,,,
Acura,SLX,1999,"$55,331.53",400828,5.8,,,,,,,,,,,,,
Mazda,MPV,1995,"$40,193.82",901967,4.5,,,,,,,,,,,,,
Chevrolet,G-Series G10,1995,"$72,643.64",168997,3.5,,,,,,,,,,,,,
Mazda,CX-7,2008,"$78,008.82",889244,5.9,,,,,,,,,,,,,
Jeep,Grand Cherokee,1993,"$71,112.17",115004,8.9,,,,,,,,,,,,,
Chevrolet,Tahoe,2012,"$33,462.99",530993,7.1,,,,,,,,,,,,,
Nissan,300ZX,1992,"$82,247.36",258462,8.6,,,,,,,,,,,,,
Nissan,Pathfinder,2006,"$73,751.42",650234,8.5,,,,,,,,,,,,,
Buick,LeSabre,1998,"$88,785.35",826269,9.5,,,,,,,,,,,,,
Mercedes-Benz,S-Class,1992,"$25,010.47",539489,8.3,,,,,,,,,,,,,
Toyota,Camry,2009,"$75,461.99",910254,7,,,,,,,,,,,,,
Porsche,924 S,1987,"$62,091.67",920045,3.1,,,,,,,,,,,,,
Mazda,Familia,1986,"$58,890.70",484822,6.1,,,,,,,,,,,,,
Volkswagen,Golf III,1994,"$12,702.81",927053,7,,,,,,,,,,,,,
Mercury,Cougar,1987,"$65,425.67",309608,3.8,,,,,,,,,,,,,
Dodge,Ram 2500,2003,"$39,999.31",845400,8.4,,,,,,,,,,,,,
Dodge,Stealth,1996,"$85,305.81",658963,8.4,,,,,,,,,,,,,
Eagle,Vision,1995,"$85,364.45",898555,3.9,,,,,,,,,,,,,
Chrysler,Concorde,1994,"$89,713.73",28110,3.3,,,,,,,,,,,,,
Infiniti,G,1995,"$50,502.61",414837,1.7,,,,,,,,,,,,,
Audi,TT,2010,"$85,107.85",2650,5,,,,,,,,,,,,,
Pontiac,Grand Prix,1982,"$60,067.10",783146,1.5,,,,,,,,,,,,,
Lotus,Elan,1990,"$84,175.39",708441,8.3,,,,,,,,,,,,,
Nissan,Maxima,2004,"$57,260.71",588147,9.3,,,,,,,,,,,,,
Bentley,Continental GTC,2007,"$24,109.28",843044,7.5,,,,,,,,,,,,,
Toyota,Land Cruiser,2009,"$77,370.13",780730,4.2,,,,,,,,,,,,,
Toyota,T100,1997,"$52,261.75",509659,1.5,,,,,,,,,,,,,
BMW,8 Series,1997,"$17,841.97",546624,3.7,,,,,,,,,,,,,
Mercedes-Benz,G-Class,2012,"$39,931.01",694273,4.4,,,,,,,,,,,,,
Buick,Skyhawk,1989,"$16,547.79",326708,7.8,,,,,,,,,,,,,
Mitsubishi,Lancer,2006,"$66,628.65",674518,1.4,,,,,,,,,,,,,
Chevrolet,Suburban 2500,2006,"$60,451.77",45388,3,,,,,,,,,,,,,
MINI,Countryman,2012,"$65,120.44",439569,7.9,,,,,,,,,,,,,
Chevrolet,Malibu,1997,"$18,442.39",115940,3.6,,,,,,,,,,,,,
Volkswagen,Scirocco,1986,"$19,133.29",775400,5.9,,,,,,,,,,,,,
Audi,A4,2006,"$42,106.89",202324,2.6,,,,,,,,,,,,,
Pontiac,Grand Prix,2006,"$89,833.82",282479,3.5,,,,,,,,,,,,,
Oldsmobile,Bravada,1998,"$82,439.43",988412,1.2,,,,,,,,,,,,,
Lexus,LS Hybrid,2011,"$17,876.58",962396,2.8,,,,,,,,,,,,,
Dodge,Ram Van 3500,1997,"$21,229.36",49385,5.5,,,,,,,,,,,,,
Daewoo,Leganza,1999,"$56,402.53",279461,9.7,,,,,,,,,,,,,
Lexus,SC,2003,"$27,423.33",617805,3,,,,,,,,,,,,,
Maybach,57,2010,"$45,459.55",908764,3,,,,,,,,,,,,,
Volvo,C70,2000,"$13,778.17",142974,5.6,,,,,,,,,,,,,
Dodge,Viper,2001,"$11,190.24",657216,4.5,,,,,,,,,,,,,
Hyundai,Tiburon,1998,"$81,414.87",41664,3,,,,,,,,,,,,,
Scion,xD,2012,"$54,852.91",748543,4.5,,,,,,,,,,,,,
Bentley,Continental Super,2012,"$27,522.87",407562,4.7,,,,,,,,,,,,,
Ford,Fusion,2007,"$59,135.74",146817,7.4,,,,,,,,,,,,,
Eagle,Talon,1997,"$64,264.88",504199,2.3,,,,,,,,,,,,,
Toyota,Matrix,2007,"$46,425.90",624892,2.4,,,,,,,,,,,,,
Subaru,Brat,1985,"$23,577.56",183295,5.6,,,,,,,,,,,,,
Lexus,GX,2012,"$72,855.74",978150,9.2,,,,,,,,,,,,,
GMC,Vandura 1500,1992,"$40,657.52",269574,3.4,,,,,,,,,,,,,
GMC,Vandura 1500,1994,"$11,343.82",853922,5.4,,,,,,,,,,,,,
Land Rover,Discovery,2012,"$54,206.50",223688,3.7,,,,,,,,,,,,,
Audi,S4,2006,"$12,109.34",807130,6.6,,,,,,,,,,,,,
Hyundai,Sonata,2007,"$12,223.20",361134,2.4,,,,,,,,,,,,,
Jeep,Liberty,2010,"$58,365.21",31444,4.2,,,,,,,,,,,,,
Chevrolet,Suburban,2006,"$17,098.05",402492,6.2,,,,,,,,,,,,,
Subaru,Outback,2010,"$83,278.70",932255,2.9,,,,,,,,,,,,,
Honda,Accord,1989,"$11,963.99",701131,7.5,,,,,,,,,,,,,
Subaru,Leone,1988,"$71,469.42",207536,6.1,,,,,,,,,,,,,
Dodge,Durango,2001,"$72,844.70",157251,3.3,,,,,,,,,,,,,
Ford,Expedition,2004,"$12,348.18",440073,5.1,,,,,,,,,,,,,
Ford,F-Series Super Duty,2007,"$22,140.78",654015,8.4,,,,,,,,,,,,,
Pontiac,Firebird,2001,"$55,800.22",101944,7.8,,,,,,,,,,,,,
Oldsmobile,Cutlass Supreme,1997,"$82,067.35",828336,6.6,,,,,,,,,,,,,
Lexus,LS,2011,"$67,267.99",267144,7.5,,,,,,,,,,,,,
Cadillac,SRX,2004,"$78,362.34",952247,9.8,,,,,,,,,,,,,
Volkswagen,Fox,1993,"$41,331.85",679585,5.2,,,,,,,,,,,,,
Mazda,MPV,2006,"$66,657.73",475972,7,,,,,,,,,,,,,
Hummer,H2,2006,"$55,908.65",951621,1.9,,,,,,,,,,,,,
Hyundai,Sonata,2008,"$38,168.88",676654,5,,,,,,,,,,,,,
Volkswagen,Golf,1987,"$70,110.67",92406,4.2,,,,,,,,,,,,,
Oldsmobile,98,1993,"$85,982.78",37132,9.1,,,,,,,,,,,,,
Buick,Enclave,2010,"$29,898.68",926849,5.1,,,,,,,,,,,,,
Mitsubishi,Endeavor,2005,"$51,638.08",726337,5.9,,,,,,,,,,,,,
Volvo,V70,2010,"$59,285.17",252781,3.4,,,,,,,,,,,,,
Mercedes-Benz,SL-Class,1995,"$52,755.27",599089,3.1,,,,,,,,,,,,,
Chevrolet,Suburban 2500,2005,"$43,097.40",747262,3.5,,,,,,,,,,,,,
Toyota,Tundra,2000,"$60,138.37",777810,2.7,,,,,,,,,,,,,
Lamborghini,Countach,1986,"$49,882.05",929807,2,,,,,,,,,,,,,
Land Rover,Freelander,2011,"$72,939.46",723380,4.1,,,,,,,,,,,,,
Toyota,Yaris,2007,"$46,920.21",259511,3.8,,,,,,,,,,,,,
Volvo,V90,1998,"$54,909.13",542960,7.4,,,,,,,,,,,,,
Porsche,944,1989,"$71,503.32",423816,6.7,,,,,,,,,,,,,
GMC,Canyon,2009,"$77,539.80",733154,10,,,,,,,,,,,,,
Ford,F350,2005,"$15,453.84",835473,2.2,,,,,,,,,,,,,
Buick,LaCrosse,2009,"$27,471.46",718276,6.3,,,,,,,,,,,,,
Toyota,Highlander,2002,"$64,680.44",762586,5.7,,,,,,,,,,,,,
Audi,200,1991,"$79,857.08",617456,4.1,,,,,,,,,,,,,
Dodge,Ram Van 2500,1997,"$30,995.48",343175,3,,,,,,,,,,,,,
Volkswagen,Jetta,2001,"$59,054.49",96107,6.7,,,,,,,,,,,,,
Dodge,Dakota,1996,"$55,123.83",453302,6.9,,,,,,,,,,,,,
Audi,5000S,1985,"$15,165.17",6886,7.5,,,,,,,,,,,,,
Nissan,Sentra,1993,"$51,776.74",172732,5.5,,,,,,,,,,,,,
GMC,Yukon,2011,"$87,094.52",851970,3.4,,,,,,,,,,,,,
Audi,Coupe Quattro,1990,"$71,279.64",31989,9.2,,,,,,,,,,,,,
Nissan,300ZX,1993,"$46,653.14",40273,9,,,,,,,,,,,,,
Saturn,Ion,2005,"$76,728.86",923863,6.1,,,,,,,,,,,,,
Mitsubishi,Eclipse,2004,"$34,996.06",114411,9.5,,,,,,,,,,,,,
Maserati,430,1989,"$35,418.39",533430,8.7,,,,,,,,,,,,,
Chevrolet,Camaro,2010,"$49,807.75",57090,6.1,,,,,,,,,,,,,
Saturn,L-Series,2001,"$70,907.44",818200,3.9,,,,,,,,,,,,,
Chrysler,Sebring,2000,"$86,414.70",331523,2.3,,,,,,,,,,,,,
Lincoln,Continental,1997,"$67,289.11",67602,5.7,,,,,,,,,,,,,
Mercedes-Benz,SLR McLaren,2008,"$31,951.23",232149,2.4,,,,,,,,,,,,,
Chevrolet,Malibu,2009,"$23,438.23",421997,2.3,,,,,,,,,,,,,
Jeep,Grand Cherokee,2010,"$76,143.11",563324,2.5,,,,,,,,,,,,,
MINI,MINI,2002,"$10,038.71",371000,7.5,,,,,,,,,,,,,
Chevrolet,Caprice,1996,"$49,077.15",760578,3.9,,,,,,,,,,,,,
Jaguar,XF,2011,"$38,282.22",7534,10,,,,,,,,,,,,,
Mitsubishi,L300,1987,"$65,757.66",429773,6.4,,,,,,,,,,,,,
Hyundai,Tiburon,2009,"$13,719.53",522073,1.5,,,,,,,,,,,,,
Suzuki,Swift,1993,"$30,340.00",592997,5.9,,,,,,,,,,,,,
Audi,TT,2008,"$14,742.15",33831,1,,,,,,,,,,,,,
Mitsubishi,Galant,1989,"$46,875.44",560007,7.4,,,,,,,,,,,,,
Ram,C/V,2012,"$58,869.37",203710,2.8,,,,,,,,,,,,,
Volvo,V70,2008,"$45,396.22",420306,2.4,,,,,,,,,,,,,
Mitsubishi,Starion,1987,"$21,420.01",545109,5.6,,,,,,,,,,,,,
Maserati,Biturbo,1985,"$42,436.06",702261,8,,,,,,,,,,,,,
GMC,Yukon XL 1500,2007,"$84,070.05",115158,8.7,,,,,,,,,,,,,
Toyota,Sequoia,2011,"$21,738.14",897011,4.2,,,,,,,,,,,,,
Mazda,B-Series Plus,1993,"$10,443.70",303946,3.1,,,,,,,,,,,,,
MINI,Cooper Clubman,2011,"$80,444.80",252936,4.5,,,,,,,,,,,,,
Volvo,S80,2008,"$37,973.88",392554,5.6,,,,,,,,,,,,,
Chevrolet,Lumina,1996,"$59,065.41",41316,8.5,,,,,,,,,,,,,
Mazda,CX-9,2011,"$56,818.54",506278,7.5,,,,,,,,,,,,,
Aston Martin,V12 Vantage,2012,"$88,956.96",413325,6.8,,,,,,,,,,,,,
Volkswagen,Eos,2010,"$66,060.90",184605,5.8,,,,,,,,,,,,,
Jeep,Patriot,2012,"$73,936.94",526196,7.4,,,,,,,,,,,,,
GMC,Savana 3500,2007,"$85,841.33",459685,3,,,,,,,,,,,,,
Mercedes-Benz,600SEL,1992,"$73,806.98",12856,2.4,,,,,,,,,,,,,
GMC,Sierra 2500,2005,"$56,550.48",151304,3.1,,,,,,,,,,,,,
Lexus,SC,2007,"$80,782.20",63392,1.6,,,,,,,,,,,,,
BMW,525,2006,"$12,191.25",395929,4.6,,,,,,,,,,,,,
GMC,Savana 3500,2002,"$40,405.04",910942,5.7,,,,,,,,,,,,,
Toyota,Corolla,1999,"$61,485.40",924072,8.4,,,,,,,,,,,,,
Mercury,Marquis,1985,"$61,764.70",853332,9.2,,,,,,,,,,,,,
Nissan,Pathfinder,2000,"$75,079.60",226139,2.2,,,,,,,,,,,,,
Subaru,Impreza,2003,"$14,408.48",762261,8.4,,,,,,,,,,,,,
Dodge,Ram Van B150,1994,"$43,785.42",968342,3.6,,,,,,,,,,,,,
Saturn,VUE,2005,"$48,681.87",685364,9,,,,,,,,,,,,,
Audi,A8,2012,"$85,856.52",564457,8.7,,,,,,,,,,,,,
Saab,9-7X,2008,"$42,985.02",645906,6.1,,,,,,,,,,,,,
Volkswagen,Touareg,2011,"$43,267.88",166936,4.4,,,,,,,,,,,,,
BMW,Z4 M Roadster,2009,"$26,970.18",477799,4.3,,,,,,,,,,,,,
Ford,E150,2006,"$45,244.60",909490,5.3,,,,,,,,,,,,,
Jaguar,XJ Series,2000,"$11,276.76",310533,6.8,,,,,,,,,,,,,
Mercury,Montego,2005,"$63,046.86",334202,7.1,,,,,,,,,,,,,
GMC,Savana 3500,2002,"$14,892.96",819529,4,,,,,,,,,,,,,
Honda,Insight,2004,"$66,504.30",28872,3.5,,,,,,,,,,,,,
Lexus,GS,2010,"$60,882.96",854415,4.7,,,,,,,,,,,,,
Nissan,Quest,2009,"$28,243.37",715845,1,,,,,,,,,,,,,
Lotus,Elise,2011,"$54,638.83",171811,8.9,,,,,,,,,,,,,
Ford,F-Series,2011,"$37,777.77",65661,2.9,,,,,,,,,,,,,
Mitsubishi,Diamante,1996,"$84,910.81",937704,6,,,,,,,,,,,,,
Mercedes-Benz,Sprinter,2011,"$85,879.12",662990,6.9,,,,,,,,,,,,,
Volkswagen,Passat,1991,"$57,803.25",298018,5.2,,,,,,,,,,,,,
Pontiac,LeMans,1965,"$26,227.42",887844,10,,,,,,,,,,,,,
Lincoln,Continental,1997,"$28,228.79",951982,8.5,,,,,,,,,,,,,
Hyundai,Accent,2003,"$82,112.82",47656,1.9,,,,,,,,,,,,,
Mitsubishi,Chariot,1993,"$24,407.44",168781,2.2,,,,,,,,,,,,,
Audi,S6,1995,"$29,217.30",761997,3.5,,,,,,,,,,,,,
Volkswagen,Jetta,1990,"$42,640.87",881321,8.7,,,,,,,,,,,,,
Mitsubishi,Tredia,1985,"$55,631.95",354247,7.7,,,,,,,,,,,,,
Subaru,XT,1991,"$22,490.47",585449,7.5,,,,,,,,,,,,,
Chevrolet,S10,1996,"$23,021.19",445061,5.1,,,,,,,,,,,,,
Mitsubishi,Mighty Max Macro,1992,"$83,585.66",169521,3.9,,,,,,,,,,,,,
Subaru,Legacy,1992,"$72,104.20",513947,4.1,,,,,,,,,,,,,
Volvo,XC90,2007,"$14,618.41",535678,6.6,,,,,,,,,,,,,
Lexus,SC,1993,"$35,300.99",158252,6.1,,,,,,,,,,,,,
Hummer,H3,2010,"$22,841.16",483976,6,,,,,,,,,,,,,
Chevrolet,Venture,2000,"$65,706.83",47605,7.8,,,,,,,,,,,,,
Hyundai,Accent,1999,"$24,567.66",628847,1.8,,,,,,,,,,,,,
Land Rover,LR2,2009,"$62,800.47",370303,1.9,,,,,,,,,,,,,
GMC,1500 Club Coupe,1997,"$64,566.15",926152,5.9,,,,,,,,,,,,,
Ford,F350,1992,"$36,257.67",865216,6.1,,,,,,,,,,,,,
Ford,F-Series Super Duty,2012,"$88,877.90",494580,1.8,,,,,,,,,,,,,
Chevrolet,Express 2500,2008,"$85,485.41",416441,8.5,,,,,,,,,,,,,
Volvo,S60,2006,"$28,803.49",58019,8.1,,,,,,,,,,,,,
Dodge,Stealth,1992,"$65,177.97",404637,9.4,,,,,,,,,,,,,
Chrysler,Sebring,2005,"$75,811.24",65304,3.5,,,,,,,,,,,,,
Buick,Somerset,1985,"$11,854.71",278421,8.7,,,,,,,,,,,,,
Subaru,Outback,2012,"$48,770.99",726454,6.8,,,,,,,,,,,,,
BMW,525,2006,"$38,853.16",885260,5.8,,,,,,,,,,,,,
Mercedes-Benz,S-Class,1999,"$88,415.55",763510,8.5,,,,,,,,,,,,,
MG,MGB,1977,"$17,501.33",422936,4.2,,,,,,,,,,,,,
Rolls-Royce,Phantom,2012,"$71,212.17",404205,6.7,,,,,,,,,,,,,
Chrysler,300,2012,"$72,420.72",792534,6.3,,,,,,,,,,,,,
Toyota,Land Cruiser,2013,"$71,692.13",529967,5.7,,,,,,,,,,,,,
Dodge,Nitro,2007,"$50,203.61",650409,8.3,,,,,,,,,,,,,
Maserati,Spyder,1991,"$19,809.73",767229,2,,,,,,,,,,,,,
Suzuki,Swift,1997,"$78,558.29",995509,8,,,,,,,,,,,,,
Subaru,SVX,1995,"$77,264.75",632549,3.7,,,,,,,,,,,,,
Pontiac,Grand Prix,1972,"$39,401.79",549700,6.5,,,,,,,,,,,,,
Suzuki,Sidekick,1993,"$61,205.13",921211,9.4,,,,,,,,,,,,,
Oldsmobile,Silhouette,1995,"$25,284.40",182970,4.4,,,,,,,,,,,,,
Mercury,Capri,1991,"$13,228.18",859569,7.7,,,,,,,,,,,,,
Infiniti,J,1994,"$57,143.72",172017,4.5,,,,,,,,,,,,,
Honda,Prelude,1986,"$70,103.71",624058,9.5,,,,,,,,,,,,,
Chevrolet,S10,1993,"$59,034.76",972439,5.9,,,,,,,,,,,,,
Lamborghini,Countach,1987,"$48,490.94",843535,4.4,,,,,,,,,,,,,
Mitsubishi,Diamante,1994,"$15,328.89",646276,5.3,,,,,,,,,,,,,
Mercedes-Benz,S-Class,1991,"$60,191.49",381249,5.7,,,,,,,,,,,,,
Hyundai,Accent,2006,"$89,483.78",780223,2.9,,,,,,,,,,,,,
Maserati,Spyder,2005,"$31,748.64",369497,3.2,,,,,,,,,,,,,
Mercedes-Benz,R-Class,2009,"$69,748.05",516837,5.3,,,,,,,,,,,,,
Audi,A6,2011,"$30,936.65",494898,9.1,,,,,,,,,,,,,
Chevrolet,Suburban 2500,2012,"$44,202.55",880249,9.4,,,,,,,,,,,,,
Chevrolet,Tahoe,2009,"$52,224.33",538634,1.6,,,,,,,,,,,,,
Honda,Civic,1999,"$13,739.82",292569,9.9,,,,,,,,,,,,,
Mercury,Sable,1995,"$58,249.33",744498,4.8,,,,,,,,,,,,,
Hyundai,Sonata,1994,"$86,310.05",702166,3.6,,,,,,,,,,,,,
Chrysler,300,2005,"$77,420.23",761900,9.9,,,,,,,,,,,,,
Porsche,928,1985,"$24,010.47",973081,3,,,,,,,,,,,,,
BMW,7 Series,2004,"$64,073.97",161000,8.7,,,,,,,,,,,,,
Acura,RL,2004,"$80,511.16",78870,9.3,,,,,,,,,,,,,
Toyota,Camry,1999,"$18,804.08",130414,2.4,,,,,,,,,,,,,
GMC,Savana 1500,2001,"$60,139.41",488170,7.1,,,,,,,,,,,,,
Ford,Explorer,2008,"$82,059.14",85716,3.2,,,,,,,,,,,,,
Honda,Accord,1995,"$17,962.23",902541,2.8,,,,,,,,,,,,,
Infiniti,Q,2003,"$70,441.05",634207,5.1,,,,,,,,,,,,,
Hyundai,Genesis,2011,"$72,914.38",741458,2.4,,,,,,,,,,,,,
Buick,Skylark,1986,"$26,633.54",476308,6.9,,,,,,,,,,,,,
Infiniti,I,2001,"$55,666.92",164414,2.5,,,,,,,,,,,,,
Ford,Probe,1995,"$39,236.64",914241,2.7,,,,,,,,,,,,,
Suzuki,Equator,2009,"$67,993.32",636902,1.1,,,,,,,,,,,,,
Toyota,Tacoma,1998,"$17,643.80",432114,3.9,,,,,,,,,,,,,
Mitsubishi,Chariot,1996,"$59,486.85",721273,2.1,,,,,,,,,,,,,
Porsche,911,1996,"$80,542.02",482969,10,,,,,,,,,,,,,
Mercedes-Benz,SL-Class,1993,"$24,662.60",604696,2.1,,,,,,,,,,,,,
Pontiac,Grand Am,1996,"$72,726.27",617911,6.5,,,,,,,,,,,,,
Mercedes-Benz,300E,1992,"$67,189.40",289956,8.6,,,,,,,,,,,,,
Geo,Tracker,1996,"$37,332.35",438120,3.1,,,,,,,,,,,,,
Volkswagen,Touareg,2007,"$79,915.26",712981,9.8,,,,,,,,,,,,,
Toyota,Corolla,2001,"$65,894.44",360430,7.4,,,,,,,,,,,,,
Dodge,Intrepid,1996,"$84,731.21",569196,2.1,,,,,,,,,,,,,
MINI,Clubman,2009,"$18,320.39",637304,4.3,,,,,,,,,,,,,
Chevrolet,Avalanche,2012,"$44,008.85",681351,5.4,,,,,,,,,,,,,
Chevrolet,Prizm,2001,"$31,119.83",74699,1.9,,,,,,,,,,,,,
Volvo,C70,2003,"$50,700.39",405794,1.4,,,,,,,,,,,,,
Lexus,GS,2000,"$78,696.95",30051,6.8,,,,,,,,,,,,,
Volvo,S70,1999,"$19,348.58",225527,5.4,,,,,,,,,,,,,
Acura,Integra,1996,"$22,679.36",227804,5.9,,,,,,,,,,,,,
Hyundai,Tucson,2011,"$27,156.76",761534,6,,,,,,,,,,,,,
Chevrolet,HHR,2011,"$34,340.04",743864,1.4,,,,,,,,,,,,,
Lotus,Exige,2005,"$20,639.94",483248,8.8,,,,,,,,,,,,,
BMW,8 Series,1996,"$54,862.01",157822,2.1,,,,,,,,,,,,,
Pontiac,Vibe,2004,"$88,027.67",600269,1.4,,,,,,,,,,,,,
Pontiac,Sunfire,1999,"$17,498.76",391299,2.2,,,,,,,,,,,,,
Buick,Century,1995,"$36,105.68",982090,5.6,,,,,,,,,,,,,
Hyundai,Elantra,2013,"$44,834.90",755276,7.8,,,,,,,,,,,,,
Ford,Aspire,1995,"$20,694.68",72419,3.4,,,,,,,,,,,,,
Ford,Tempo,1984,"$75,406.51",529057,1.8,,,,,,,,,,,,,
Chevrolet,Corvette,1995,"$15,948.88",571658,1.8,,,,,,,,,,,,,
Mazda,B-Series,1992,"$47,319.64",380137,4.9,,,,,,,,,,,,,
Honda,Insight,2000,"$21,733.47",935157,5.3,,,,,,,,,,,,,
Mitsubishi,Montero Sport,2000,"$77,904.67",10440,4.9,,,,,,,,,,,,,
Volkswagen,Eurovan,1994,"$66,188.07",991772,3.9,,,,,,,,,,,,,
Mitsubishi,Raider,2006,"$12,749.36",347181,2.9,,,,,,,,,,,,,
Audi,Quattro,1993,"$38,940.64",617277,6.9,,,,,,,,,,,,,
Chevrolet,Express 3500,2002,"$88,649.56",676285,4.3,,,,,,,,,,,,,
Oldsmobile,Cutlass Supreme,1996,"$73,362.04",258562,5.3,,,,,,,,,,,,,
Saab,05-Sep,2009,"$87,497.94",219349,8.3,,,,,,,,,,,,,
Hyundai,Accent,2008,"$65,249.14",769296,6.1,,,,,,,,,,,,,
Lotus,Esprit,1987,"$43,839.95",984947,3.2,,,,,,,,,,,,,
Toyota,Tundra,2004,"$15,906.29",467918,4.2,,,,,,,,,,,,,
Nissan,Titan,2011,"$17,900.86",384420,5.3,,,,,,,,,,,,,
Oldsmobile,Cutlass Cruiser,1994,"$83,420.07",350866,2.1,,,,,,,,,,,,,
Honda,Element,2004,"$29,078.00",388766,8.3,,,,,,,,,,,,,
Dodge,Ram 1500 Club,1996,"$57,301.77",62577,4.8,,,,,,,,,,,,,
Mercury,Mystique,2000,"$50,406.04",329724,6.9,,,,,,,,,,,,,
GMC,Vandura 2500,1994,"$16,753.61",449903,2.7,,,,,,,,,,,,,
Ford,Escape,2003,"$85,511.52",835966,8.9,,,,,,,,,,,,,
Toyota,Camry Solara,2006,"$63,687.38",845080,6.7,,,,,,,,,,,,,
Toyota,Sequoia,2012,"$87,535.58",683168,7.4,,,,,,,,,,,,,
Mitsubishi,Eclipse,2006,"$84,344.32",145050,5.7,,,,,,,,,,,,,
Dodge,Durango,2006,"$18,092.41",422852,5.6,,,,,,,,,,,,,
Mazda,Mazda6,2011,"$59,621.43",276182,2.5,,,,,,,,,,,,,
Mercury,Grand Marquis,1994,"$34,090.71",231956,6.8,,,,,,,,,,,,,
Plymouth,Voyager,1995,"$22,639.35",255154,7.4,,,,,,,,,,,,,
Cadillac,SRX,2007,"$29,663.97",682,1,,,,,,,,,,,,,
Buick,Regal,1985,"$16,788.32",193495,2.7,,,,,,,,,,,,,
Mazda,Familia,1990,"$29,738.62",595545,2,,,,,,,,,,,,,
GMC,2500,1996,"$53,727.34",251608,3.2,,,,,,,,,,,,,
Ford,Thunderbird,1990,"$28,943.49",264909,1,,,,,,,,,,,,,
Porsche,911,2004,"$77,104.45",995274,5.5,,,,,,,,,,,,,
Mercedes-Benz,C-Class,1993,"$51,115.82",795844,6.2,,,,,,,,,,,,,
Suzuki,Esteem,1998,"$24,537.00",669900,8.2,,,,,,,,,,,,,
Nissan,350Z,2007,"$64,460.39",23986,9.5,,,,,,,,,,,,,
GMC,Safari,1992,"$52,743.24",318565,8,,,,,,,,,,,,,
Ford,Fusion,2009,"$67,693.01",189873,9.8,,,,,,,,,,,,,
Pontiac,Grand Am,1985,"$62,020.80",352784,1.1,,,,,,,,,,,,,
Ford,Club Wagon,1992,"$32,437.62",746811,9.7,,,,,,,,,,,,,
Lincoln,Mark VII,1992,"$63,984.22",552052,6,,,,,,,,,,,,,
Mitsubishi,Diamante,2005,"$39,834.54",844414,8.8,,,,,,,,,,,,,
Honda,Accord,1991,"$28,725.22",921629,8.7,,,,,,,,,,,,,
Honda,S2000,2000,"$39,781.25",1148,8.3,,,,,,,,,,,,,
Chrysler,300M,1999,"$62,636.56",983795,3.9,,,,,,,,,,,,,
Hummer,H3,2009,"$11,477.30",603293,3.4,,,,,,,,,,,,,
Mercedes-Benz,M-Class,2011,"$85,065.21",420856,2.6,,,,,,,,,,,,,
BMW,5 Series,2000,"$53,841.44",480489,8.5,,,,,,,,,,,,,
Ford,F-Series,2002,"$85,544.03",958699,6,,,,,,,,,,,,,
Chevrolet,Camaro,1982,"$23,209.19",164026,4.8,,,,,,,,,,,,,
Infiniti,Q,1997,"$81,679.08",360022,6.7,,,,,,,,,,,,,
GMC,Vandura 3500,1994,"$80,041.05",783666,5.3,,,,,,,,,,,,,
Mazda,Miata MX-5,2010,"$83,707.10",213034,3.9,,,,,,,,,,,,,
Suzuki,Verona,2006,"$70,892.00",948166,4,,,,,,,,,,,,,
Mitsubishi,Mighty Max,1993,"$71,890.93",822331,6.8,,,,,,,,,,,,,
Volvo,S80,2010,"$66,683.46",273061,2.4,,,,,,,,,,,,,
Chevrolet,Suburban 2500,2006,"$25,475.32",198750,3.2,,,,,,,,,,,,,
GMC,Yukon XL 2500,2002,"$50,994.88",82076,8.8,,,,,,,,,,,,,
Honda,Civic,1997,"$51,344.67",407365,6.6,,,,,,,,,,,,,
Lexus,ES,2006,"$69,240.98",772414,7.7,,,,,,,,,,,,,
Chevrolet,Corvette,2003,"$50,354.98",685884,4.8,,,,,,,,,,,,,
Chevrolet,Express 2500,2005,"$45,513.34",850789,2.3,,,,,,,,,,,,,
Dodge,Avenger,2000,"$88,834.31",617390,1,,,,,,,,,,,,,
Chevrolet,2500,2000,"$36,712.43",677964,5.5,,,,,,,,,,,,,
Mercury,Monterey,2005,"$87,487.88",256741,9.1,,,,,,,,,,,,,
Subaru,Impreza,2011,"$48,920.42",870506,3.1,,,,,,,,,,,,,
GMC,Rally Wagon G3500,1995,"$21,356.88",629932,7.9,,,,,,,,,,,,,
Oldsmobile,Ciera,1994,"$27,058.12",555235,7.2,,,,,,,,,,,,,
Chevrolet,Blazer,1997,"$69,578.31",657549,6.9,,,,,,,,,,,,,
Hyundai,Tiburon,2004,"$43,419.31",15963,4.2,,,,,,,,,,,,,
Ford,Ranger,1989,"$75,096.12",495032,3.4,,,,,,,,,,,,,
GMC,Yukon XL 1500,2010,"$56,817.31",727607,4.6,,,,,,,,,,,,,
Pontiac,Grand Am,2000,"$24,485.20",428184,4.9,,,,,,,,,,,,,
Audi,S6,2002,"$33,839.29",170301,4.2,,,,,,,,,,,,,
Porsche,911,1987,"$73,230.69",340651,7.9,,,,,,,,,,,,,
Land Rover,Defender,1995,"$77,588.05",854536,5.9,,,,,,,,,,,,,
Honda,Insight,2000,"$57,615.53",949900,4.2,,,,,,,,,,,,,
Kia,Rio,2009,"$80,633.94",455842,6.5,,,,,,,,,,,,,
Volkswagen,Jetta,1987,"$56,019.43",585058,9.7,,,,,,,,,,,,,
Hyundai,Veloster,2013,"$44,898.38",718020,2.1,,,,,,,,,,,,,
GMC,Yukon XL 1500,2008,"$71,578.82",184696,7.2,,,,,,,,,,,,,
Volvo,XC70,2010,"$12,196.66",940300,9.1,,,,,,,,,,,,,
Mercedes-Benz,W201,1986,"$27,806.60",60629,8.6,,,,,,,,,,,,,
Ford,Taurus,2004,"$70,351.98",697666,5.2,,,,,,,,,,,,,
Mitsubishi,Mighty Max,1986,"$72,552.00",48242,2.7,,,,,,,,,,,,,
Mazda,Tribute,2001,"$79,651.99",311476,3.9,,,,,,,,,,,,,
Hummer,H1,1993,"$34,835.72",871536,4.4,,,,,,,,,,,,,
BMW,M Roadster,2008,"$15,645.09",73841,3.3,,,,,,,,,,,,,
Pontiac,Aztek,2001,"$86,481.01",186546,7.7,,,,,,,,,,,,,
GMC,Yukon XL 2500,2004,"$67,340.42",238376,3.5,,,,,,,,,,,,,
Buick,Century,1988,"$13,266.97",378559,3.3,,,,,,,,,,,,,
Ford,Econoline E250,1997,"$54,315.35",269865,1.1,,,,,,,,,,,,,
GMC,Sonoma,1993,"$40,962.41",716748,2.1,,,,,,,,,,,,,
Lamborghini,Diablo,1990,"$83,761.47",840635,1.9,,,,,,,,,,,,,
Chevrolet,Blazer,1994,"$57,438.22",547994,2.5,,,,,,,,,,,,,
Lamborghini,Murci√©lago,2010,"$50,522.49",436424,5,,,,,,,,,,,,,
Honda,Civic,1998,"$81,216.83",674805,8.2,,,,,,,,,,,,,
Ford,Courier,1987,"$82,189.96",625858,2.9,,,,,,,,,,,,,
Suzuki,XL-7,2005,"$32,149.81",213953,2,,,,,,,,,,,,,
Chevrolet,Tahoe,1996,"$76,379.01",704756,9.2,,,,,,,,,,,,,
Volvo,960,1993,"$49,883.49",228596,4.3,,,,,,,,,,,,,
Ford,Thunderbird,2002,"$38,800.40",999271,3.1,,,,,,,,,,,,,
Dodge,Viper,1999,"$67,453.84",979051,5.7,,,,,,,,,,,,,
Honda,CR-V,2005,"$84,206.83",130508,1.5,,,,,,,,,,,,,
Maserati,Quattroporte,2012,"$72,780.38",169455,8.9,,,,,,,,,,,,,
Maserati,Gran Sport,2005,"$77,991.78",966667,5.9,,,,,,,,,,,,,
Acura,Integra,1999,"$31,234.39",251375,6.2,,,,,,,,,,,,,
Ford,Mustang,2012,"$32,328.25",156801,3.4,,,,,,,,,,,,,
Mitsubishi,Diamante,1999,"$34,520.79",695124,6.3,,,,,,,,,,,,,
Honda,Element,2011,"$35,081.95",289933,1.8,,,,,,,,,,,,,
Porsche,911,1987,"$30,318.92",198787,6.2,,,,,,,,,,,,,
Maybach,62,2004,"$62,036.07",983227,1.8,,,,,,,,,,,,,
Suzuki,Kizashi,2011,"$60,306.34",104367,8.5,,,,,,,,,,,,,
Saturn,Relay,2005,"$31,193.73",813710,2.6,,,,,,,,,,,,,
Chevrolet,Suburban,2008,"$70,288.76",50873,7.4,,,,,,,,,,,,,
Mazda,Familia,1989,"$31,876.61",10868,8.8,,,,,,,,,,,,,
Dodge,Caravan,2004,"$78,656.87",548195,2.5,,,,,,,,,,,,,
Pontiac,GTO,1969,"$17,674.55",232048,5.8,,,,,,,,,,,,,
Suzuki,XL-7,2008,"$26,744.79",120115,8.1,,,,,,,,,,,,,
Toyota,FJ Cruiser,2010,"$22,415.98",694715,2.7,,,,,,,,,,,,,
Buick,Reatta,1988,"$84,946.63",102186,7.9,,,,,,,,,,,,,
Infiniti,G35,2003,"$14,004.19",895960,7.6,,,,,,,,,,,,,
Chevrolet,Suburban 1500,2000,"$35,757.23",646148,9.5,,,,,,,,,,,,,
Toyota,Avalon,2003,"$34,763.75",84386,5.9,,,,,,,,,,,,,
Suzuki,Swift,1994,"$21,941.14",223801,3.8,,,,,,,,,,,,,
Dodge,Ram Van 1500,2001,"$69,699.13",45617,8.4,,,,,,,,,,,,,
BMW,M,2000,"$80,206.99",841497,3.4,,,,,,,,,,,,,
BMW,3 Series,2010,"$31,388.38",672719,4.3,,,,,,,,,,,,,
Volkswagen,Cabriolet,1986,"$56,876.13",889319,9,,,,,,,,,,,,,
Mitsubishi,Galant,1990,"$30,864.58",141071,4.8,,,,,,,,,,,,,
Mitsubishi,Mighty Max Macro,1993,"$70,877.41",372466,2.7,,,,,,,,,,,,,
Maybach,Landaulet,2012,"$24,123.11",837051,9.3,,,,,,,,,,,,,
Kia,Sedona,2002,"$75,047.65",373290,4,,,,,,,,,,,,,
Hyundai,Sonata,2010,"$27,887.38",323167,5.2,,,,,,,,,,,,,
Pontiac,Grand Prix,1970,"$22,487.49",526744,2.1,,,,,,,,,,,,,
Saab,9-4X,2011,"$82,375.32",192908,9.6,,,,,,,,,,,,,
Volvo,S40,2006,"$37,793.33",652978,2,,,,,,,,,,,,,
Chevrolet,Suburban 2500,2002,"$62,127.17",202243,5.7,,,,,,,,,,,,,
Audi,A6,2008,"$59,136.83",882600,8.3,,,,,,,,,,,,,
Mercury,Montego,2006,"$13,388.84",976939,2.8,,,,,,,,,,,,,
Mitsubishi,Chariot,1985,"$88,033.95",399995,3.2,,,,,,,,,,,,,
Hyundai,Elantra,1992,"$49,864.49",129382,7,,,,,,,,,,,,,
Tesla,Roadster,2010,"$60,822.14",93967,5.7,,,,,,,,,,,,,
Infiniti,G,1995,"$62,490.61",312879,9,,,,,,,,,,,,,
Rolls-Royce,Phantom,2012,"$85,136.28",922634,3.2,,,,,,,,,,,,,
Volkswagen,Eurovan,2000,"$39,365.98",669467,3.8,,,,,,,,,,,,,
GMC,Savana 1500,1996,"$10,795.06",894281,7,,,,,,,,,,,,,
Toyota,Tacoma,2008,"$64,979.24",251422,2.2,,,,,,,,,,,,,
BMW,X3,2010,"$36,633.15",721822,3.6,,,,,,,,,,,,,
Ford,E-Series,1992,"$81,882.64",853491,9.1,,,,,,,,,,,,,
Mercury,Grand Marquis,1997,"$85,170.49",450274,5,,,,,,,,,,,,,
Cadillac,CTS-V,2009,"$39,524.32",477442,1.8,,,,,,,,,,,,,
Pontiac,Sunbird,1990,"$27,094.67",907146,9.9,,,,,,,,,,,,,
Mazda,RX-8,2009,"$11,426.47",100385,6.3,,,,,,,,,,,,,
Chevrolet,Camaro,1974,"$20,993.94",178865,8.4,,,,,,,,,,,,,
GMC,Envoy XUV,2004,"$73,236.60",201686,6.9,,,,,,,,,,,,,
Nissan,Pathfinder,2001,"$15,128.36",999190,7.7,,,,,,,,,,,,,
Acura,RL,2011,"$27,765.45",177137,1.9,,,,,,,,,,,,,
Mazda,B-Series Plus,2003,"$89,961.78",171891,9.3,,,,,,,,,,,,,
Lincoln,Navigator,2007,"$37,028.08",711576,6.3,,,,,,,,,,,,,
Smart,Fortwo,2012,"$83,211.73",701551,5.4,,,,,,,,,,,,,
Volkswagen,Eurovan,1995,"$36,647.64",67023,7.7,,,,,,,,,,,,,
Saab,9000,1986,"$28,579.26",696882,1.4,,,,,,,,,,,,,
Mazda,Mazda6 Sport,2006,"$29,578.69",576443,9,,,,,,,,,,,,,
Honda,Accord,2008,"$86,906.93",616914,9,,,,,,,,,,,,,
Honda,Pilot,2012,"$59,982.82",858472,5.4,,,,,,,,,,,,,
Pontiac,Sunbird,1994,"$32,214.39",221536,7.4,,,,,,,,,,,,,
Mercury,Mountaineer,2006,"$46,930.42",66017,2.2,,,,,,,,,,,,,
GMC,Savana 3500,1999,"$10,911.19",515661,7.9,,,,,,,,,,,,,
Chevrolet,G-Series G20,1994,"$53,550.75",752150,9.8,,,,,,,,,,,,,
Toyota,Tacoma,2011,"$20,984.64",655132,8.6,,,,,,,,,,,,,
Mitsubishi,Eclipse,2012,"$84,916.12",131468,7.7,,,,,,,,,,,,,
Ford,Mustang,2001,"$48,621.04",154004,6.5,,,,,,,,,,,,,
Jaguar,S-Type,2003,"$80,588.02",397402,7.7,,,,,,,,,,,,,
Mercedes-Benz,W201,1987,"$68,051.68",793488,5.7,,,,,,,,,,,,,
Toyota,Tundra,2008,"$10,938.31",759872,5.7,,,,,,,,,,,,,
Porsche,Boxster,2008,"$17,521.23",299216,5.4,,,,,,,,,,,,,
BMW,3 Series,1995,"$46,397.64",794363,6.2,,,,,,,,,,,,,
Toyota,Tundra,2004,"$87,964.63",242155,1.4,,,,,,,,,,,,,
Buick,LeSabre,1997,"$25,366.92",570512,9.3,,,,,,,,,,,,,
Dodge,Avenger,1995,"$19,682.17",479450,5,,,,,,,,,,,,,
Chevrolet,Malibu,2011,"$10,153.46",842612,3,,,,,,,,,,,,,
Mercedes-Benz,S-Class,1988,"$75,786.94",994057,7.8,,,,,,,,,,,,,
Chevrolet,Express 1500,2002,"$87,557.58",108689,5,,,,,,,,,,,,,
Acura,NSX,1996,"$34,528.02",960627,2.2,,,,,,,,,,,,,
Ford,Focus ST,2013,"$38,321.99",519981,8.6,,,,,,,,,,,,,
Acura,RL,2003,"$87,454.05",133487,2.1,,,,,,,,,,,,,
Jeep,Liberty,2007,"$48,032.67",471236,3.8,,,,,,,,,,,,,
Audi,4000,1987,"$74,049.19",318475,3.2,,,,,,,,,,,,,
Mitsubishi,Tredia,1988,"$71,950.44",705713,3.9,,,,,,,,,,,,,
Pontiac,Bonneville,1988,"$30,065.41",118089,8.9,,,,,,,,,,,,,
Kia,Rondo,2008,"$49,885.11",76523,7.5,,,,,,,,,,,,,
Subaru,Forester,1999,"$65,841.37",55458,3.6,,,,,,,,,,,,,
Infiniti,Q,1994,"$13,732.94",788669,9.7,,,,,,,,,,,,,
Mazda,B-Series,1991,"$26,709.19",621833,9,,,,,,,,,,,,,
Chevrolet,S10,1997,"$49,461.99",523196,4.2,,,,,,,,,,,,,
Buick,Skylark,1986,"$10,495.49",414831,5.1,,,,,,,,,,,,,
BMW,3 Series,2012,"$46,558.24",332641,8.2,,,,,,,,,,,,,
Suzuki,Esteem,2000,"$38,193.90",257723,5.1,,,,,,,,,,,,,
Mercedes-Benz,W126,1981,"$69,913.40",468149,1.8,,,,,,,,,,,,,
Toyota,Tercel,1993,"$36,112.06",289114,4.9,,,,,,,,,,,,,
Pontiac,Firefly,1990,"$49,806.12",67093,8.1,,,,,,,,,,,,,
Mitsubishi,Mirage,1989,"$21,132.35",270957,8.3,,,,,,,,,,,,,
Kia,Rondo,2007,"$81,774.44",186929,5.9,,,,,,,,,,,,,
Volkswagen,Passat,1990,"$32,439.98",910703,5.9,,,,,,,,,,,,,
Chevrolet,Venture,2002,"$57,590.43",126986,2.3,,,,,,,,,,,,,
Mazda,Tribute,2003,"$75,819.44",795354,7.9,,,,,,,,,,,,,
Chrysler,Concorde,2001,"$75,169.66",840314,3.4,,,,,,,,,,,,,
Honda,Odyssey,1995,"$62,706.15",736366,3.1,,,,,,,,,,,,,
Mercury,Milan,2009,"$72,303.97",233621,8.8,,,,,,,,,,,,,
Land Rover,LR2,2008,"$43,753.85",667414,5.8,,,,,,,,,,,,,
Chevrolet,Suburban 1500,1998,"$11,777.43",203125,8.3,,,,,,,,,,,,,
Chevrolet,Express 2500,1996,"$23,384.14",574555,7.6,,,,,,,,,,,,,
Ford,E250,1984,"$12,250.44",255137,4.3,,,,,,,,,,,,,
Toyota,Corolla,2008,"$87,427.34",157112,3.9,,,,,,,,,,,,,
Ford,Courier,1986,"$86,108.45",174225,1.8,,,,,,,,,,,,,
Jeep,Compass,2009,"$42,573.94",8255,9,,,,,,,,,,,,,
Honda,Accord,1997,"$25,878.88",881804,6.8,,,,,,,,,,,,,
Infiniti,G,2010,"$13,038.64",714185,6.1,,,,,,,,,,,,,
Isuzu,i-370,2007,"$39,440.38",105328,6.4,,,,,,,,,,,,,
Aston Martin,DBS,2011,"$69,810.14",549580,8.4,,,,,,,,,,,,,
Mitsubishi,Pajero,1986,"$73,004.64",561838,8.1,,,,,,,,,,,,,
Jeep,Wrangler,2005,"$80,071.44",193466,9.5,,,,,,,,,,,,,
Infiniti,QX56,2012,"$68,405.81",98074,4.5,,,,,,,,,,,,,
BMW,X3,2004,"$21,292.43",944726,4.3,,,,,,,,,,,,,
Suzuki,Equator,2011,"$47,583.97",402668,9.4,,,,,,,,,,,,,
Ford,Ranger,2003,"$25,138.59",102780,3.4,,,,,,,,,,,,,
Chevrolet,Corvette,2007,"$86,400.13",713778,5,,,,,,,,,,,,,
Ford,Escape,2000,"$56,351.34",132359,6.1,,,,,,,,,,,,,
Dodge,Daytona,1984,"$50,582.97",318308,7.6,,,,,,,,,,,,,
Ford,E250,2005,"$53,789.20",123518,9.8,,,,,,,,,,,,,
GMC,Yukon XL 1500,2011,"$28,559.53",58513,9.6,,,,,,,,,,,,,
Volkswagen,GTI,2005,"$12,279.57",79322,3.6,,,,,,,,,,,,,
Suzuki,Aerio,2007,"$63,842.33",343080,1.5,,,,,,,,,,,,,
Pontiac,Grand Am,2004,"$23,204.60",101270,1.7,,,,,,,,,,,,,
Mazda,B2000,1985,"$16,508.13",624359,1.8,,,,,,,,,,,,,
Toyota,4Runner,2002,"$52,617.67",112501,2.9,,,,,,,,,,,,,
Ford,Explorer,2001,"$46,524.53",150326,1.6,,,,,,,,,,,,,
Chevrolet,Avalanche 2500,2004,"$68,977.15",900174,4.8,,,,,,,,,,,,,
GMC,Savana 3500,2006,"$18,483.68",591705,6.4,,,,,,,,,,,,,
Audi,Q7,2008,"$50,202.55",699271,7.3,,,,,,,,,,,,,
Hummer,H1,2003,"$66,600.91",311766,4.9,,,,,,,,,,,,,
Chevrolet,Avalanche 1500,2003,"$52,825.52",471959,1.3,,,,,,,,,,,,,
Cadillac,Catera,2000,"$50,660.08",517238,6.4,,,,,,,,,,,,,
GMC,Safari,1999,"$87,530.32",65933,6,,,,,,,,,,,,,
Chevrolet,Silverado 1500,2006,"$83,895.48",952473,6.3,,,,,,,,,,,,,
Hyundai,Sonata,2002,"$78,984.31",154950,1.8,,,,,,,,,,,,,
Mercedes-Benz,CL-Class,1999,"$81,940.02",756126,3.2,,,,,,,,,,,,,
BMW,6 Series,2012,"$75,174.30",676681,1.1,,,,,,,,,,,,,
Ford,F150,2003,"$21,029.26",261792,2.1,,,,,,,,,,,,,
GMC,Savana 3500,1997,"$24,499.51",481226,5.6,,,,,,,,,,,,,
Pontiac,Trans Sport,1994,"$46,706.34",962021,8.4,,,,,,,,,,,,,
Toyota,4Runner,2010,"$24,124.53",592217,2.7,,,,,,,,,,,,,
Lexus,IS,2012,"$44,657.24",191749,5.7,,,,,,,,,,,,,
Land Rover,Defender,1997,"$43,776.31",199263,8.7,,,,,,,,,,,,,
Pontiac,Sunbird,1987,"$74,055.47",909781,7.7,,,,,,,,,,,,,
Tesla,Roadster,2011,"$75,517.95",147139,9.9,,,,,,,,,,,,,
Chevrolet,S10,1995,"$72,300.56",641817,9,,,,,,,,,,,,,
Pontiac,Grand Am,1998,"$77,496.47",669720,4.1,,,,,,,,,,,,,
Nissan,Pathfinder,2011,"$54,560.67",490532,5,,,,,,,,,,,,,
Jeep,Wrangler,1994,"$60,555.63",201198,4.7,,,,,,,,,,,,,
Chevrolet,Colorado,2011,"$45,774.67",760896,7.4,,,,,,,,,,,,,
GMC,Yukon Denali,2000,"$22,955.62",320372,1.3,,,,,,,,,,,,,
Ford,Aspire,1996,"$77,069.60",241792,8.2,,,,,,,,,,,,,
Pontiac,Bonneville,1987,"$73,900.77",398329,1.3,,,,,,,,,,,,,
Volkswagen,GTI,1997,"$62,000.10",747248,5.4,,,,,,,,,,,,,
Infiniti,M,2008,"$86,072.13",788083,3.9,,,,,,,,,,,,,
Subaru,Legacy,2010,"$86,673.98",857556,9.5,,,,,,,,,,,,,
Mercedes-Benz,SL-Class,2007,"$16,208.81",480514,3.1,,,,,,,,,,,,,
Land Rover,LR4,2012,"$56,726.30",178834,4.8,,,,,,,,,,,,,
Mazda,MPV,2000,"$18,996.22",467078,6.4,,,,,,,,,,,,,
Ford,Five Hundred,2005,"$80,472.79",870198,5.4,,,,,,,,,,,,,
GMC,Savana 1500,1997,"$23,883.65",352790,4.5,,,,,,,,,,,,,
Chevrolet,Cavalier,2005,"$76,926.80",715220,1.8,,,,,,,,,,,,,
Honda,Civic,1995,"$46,802.09",371485,6,,,,,,,,,,,,,
Eagle,Summit,1996,"$40,354.49",12994,3,,,,,,,,,,,,,
Subaru,Outback,2003,"$81,973.32",451040,3.6,,,,,,,,,,,,,
Ford,Ranger,2010,"$47,952.52",141827,6.6,,,,,,,,,,,,,
Buick,Century,1984,"$64,839.60",593217,1.6,,,,,,,,,,,,,
Maserati,GranTurismo,2008,"$41,374.35",395015,8,,,,,,,,,,,,,
Mitsubishi,Outlander,2010,"$16,950.42",549281,5.3,,,,,,,,,,,,,
Ford,Econoline E350,2002,"$39,322.60",18797,3.7,,,,,,,,,,,,,
Nissan,370Z,2011,"$45,825.67",595850,9.5,,,,,,,,,,,,,
Mazda,626,1990,"$65,114.81",839799,4.5,,,,,,,,,,,,,
Jaguar,XK,2011,"$34,246.99",152522,9.7,,,,,,,,,,,,,
Land Rover,Discovery,2000,"$49,269.08",856479,1.5,,,,,,,,,,,,,
Chevrolet,Corvette,2012,"$44,832.32",875307,8.8,,,,,,,,,,,,,
GMC,Yukon,2006,"$83,894.28",887406,8.2,,,,,,,,,,,,,
Volkswagen,Jetta,1998,"$70,001.69",670207,7.1,,,,,,,,,,,,,
Toyota,Prius,2004,"$74,772.50",522340,9.4,,,,,,,,,,,,,
Nissan,Rogue,2008,"$11,094.65",212693,4.2,,,,,,,,,,,,,
Lincoln,MKT,2010,"$33,446.18",446090,3.7,,,,,,,,,,,,,
Saab,9000,1992,"$21,007.32",865792,8.9,,,,,,,,,,,,,
Isuzu,Stylus,1992,"$62,454.01",427230,5.6,,,,,,,,,,,,,
Dodge,Ram 2500,2003,"$65,379.38",284508,2,,,,,,,,,,,,,
Cadillac,Seville,1998,"$38,915.75",3370,4.5,,,,,,,,,,,,,
BMW,6 Series,2006,"$45,770.49",580019,1.5,,,,,,,,,,,,,
Toyota,4Runner,2007,"$83,284.81",767289,3.1,,,,,,,,,,,,,
Mercury,Mariner,2009,"$34,377.20",387780,3.7,,,,,,,,,,,,,
BMW,M5,2010,"$23,632.95",745229,1.5,,,,,,,,,,,,,
Hyundai,Santa Fe,2008,"$21,386.94",973566,3.1,,,,,,,,,,,,,
Suzuki,Aerio,2004,"$30,618.66",660701,3.7,,,,,,,,,,,,,
Nissan,370Z,2012,"$62,556.77",212709,4.9,,,,,,,,,,,,,
BMW,Z3,2001,"$86,465.90",562183,2.2,,,,,,,,,,,,,
Nissan,Maxima,2004,"$79,797.21",5145,4.1,,,,,,,,,,,,,
Pontiac,Firebird,1988,"$28,571.32",600636,5.1,,,,,,,,,,,,,
Chrysler,Town & Country,1999,"$70,039.10",918411,1.2,,,,,,,,,,,,,
GMC,Sonoma Club Coupe,1993,"$76,059.38",806458,1.4,,,,,,,,,,,,,
Audi,S5,2011,"$14,848.95",113344,8.8,,,,,,,,,,,,,
